{"epoch_1": {"correct_images": 3304, "total_images": 50000, "loss": 4.64785820367385, "accuracy": 6.608}, "epoch_2": {"correct_images": 7774, "total_images": 50000, "loss": 3.69193375840479, "accuracy": 15.548}, "epoch_3": {"correct_images": 11125, "total_images": 50000, "loss": 3.288820713150258, "accuracy": 22.25}, "epoch_4": {"correct_images": 13684, "total_images": 50000, "loss": 2.984981444417214, "accuracy": 27.368}, "epoch_5": {"correct_images": 16215, "total_images": 50000, "loss": 2.728360172437162, "accuracy": 32.43}, "epoch_6": {"correct_images": 18193, "total_images": 50000, "loss": 2.5221632646054637, "accuracy": 36.386}, "epoch_7": {"correct_images": 20046, "total_images": 50000, "loss": 2.3448559654002286, "accuracy": 40.092}, "epoch_8": {"correct_images": 21517, "total_images": 50000, "loss": 2.2001579817460506, "accuracy": 43.034}, "epoch_9": {"correct_images": 22835, "total_images": 50000, "loss": 2.0799799172245725, "accuracy": 45.67}, "epoch_10": {"correct_images": 24136, "total_images": 50000, "loss": 1.9523497649601527, "accuracy": 48.272}, "epoch_11": {"correct_images": 25471, "total_images": 50000, "loss": 1.8428351678410355, "accuracy": 50.942}, "epoch_12": {"correct_images": 26573, "total_images": 50000, "loss": 1.750451742994542, "accuracy": 53.146}, "epoch_13": {"correct_images": 27582, "total_images": 50000, "loss": 1.6563521374245078, "accuracy": 55.164}, "epoch_14": {"correct_images": 28842, "total_images": 50000, "loss": 1.5692438039244438, "accuracy": 57.684}, "epoch_15": {"correct_images": 29840, "total_images": 50000, "loss": 1.4810577679653556, "accuracy": 59.68}, "epoch_16": {"correct_images": 30876, "total_images": 50000, "loss": 1.4022246550540536, "accuracy": 61.752}}