{"epoch_1": {"correct_images": 2660, "total_images": 50000, "loss": 4.824074986029644, "accuracy": 5.32}, "epoch_2": {"correct_images": 6478, "total_images": 50000, "loss": 3.871040082707697, "accuracy": 12.956}, "epoch_3": {"correct_images": 9182, "total_images": 50000, "loss": 3.5096300633586184, "accuracy": 18.364}, "epoch_4": {"correct_images": 12036, "total_images": 50000, "loss": 3.178595536825608, "accuracy": 24.072}, "epoch_5": {"correct_images": 14278, "total_images": 50000, "loss": 2.9403568554897697, "accuracy": 28.556}, "epoch_6": {"correct_images": 16427, "total_images": 50000, "loss": 2.6878258075032915, "accuracy": 32.854}, "epoch_7": {"correct_images": 17924, "total_images": 50000, "loss": 2.5433416354412937, "accuracy": 35.848}, "epoch_8": {"correct_images": 19229, "total_images": 50000, "loss": 2.397738976137979, "accuracy": 38.458}, "epoch_9": {"correct_images": 20640, "total_images": 50000, "loss": 2.2626411081576836, "accuracy": 41.28}, "epoch_10": {"correct_images": 21836, "total_images": 50000, "loss": 2.146765955856868, "accuracy": 43.672}, "epoch_11": {"correct_images": 22779, "total_images": 50000, "loss": 2.0575281740451348, "accuracy": 45.558}, "epoch_12": {"correct_images": 23977, "total_images": 50000, "loss": 1.9475469960241902, "accuracy": 47.954}, "epoch_13": {"correct_images": 24868, "total_images": 50000, "loss": 1.8667550257274084, "accuracy": 49.736}, "epoch_14": {"correct_images": 25705, "total_images": 50000, "loss": 1.7926244662732493, "accuracy": 51.41}, "epoch_15": {"correct_images": 26682, "total_images": 50000, "loss": 1.7147101321998908, "accuracy": 53.364}, "epoch_16": {"correct_images": 27265, "total_images": 50000, "loss": 1.670120742248029, "accuracy": 54.53}}