{"epoch_1": {"correct_images": 1914, "total_images": 50000, "loss": 6.160065524432124, "accuracy": 3.828}, "epoch_2": {"correct_images": 5154, "total_images": 50000, "loss": 4.109896663500338, "accuracy": 10.308}, "epoch_3": {"correct_images": 7478, "total_images": 50000, "loss": 3.7805577504391574, "accuracy": 14.956}, "epoch_4": {"correct_images": 9878, "total_images": 50000, "loss": 3.4951488752754365, "accuracy": 19.756}, "epoch_5": {"correct_images": 11840, "total_images": 50000, "loss": 3.2778523527846044, "accuracy": 23.68}, "epoch_6": {"correct_images": 13239, "total_images": 50000, "loss": 3.092980817872651, "accuracy": 26.478}, "epoch_7": {"correct_images": 14720, "total_images": 50000, "loss": 2.926208408511415, "accuracy": 29.44}, "epoch_8": {"correct_images": 16081, "total_images": 50000, "loss": 2.794760767294436, "accuracy": 32.162}, "epoch_9": {"correct_images": 17325, "total_images": 50000, "loss": 2.6869099018525104, "accuracy": 34.65}, "epoch_10": {"correct_images": 18299, "total_images": 50000, "loss": 2.5507614758549906, "accuracy": 36.598}, "epoch_11": {"correct_images": 19421, "total_images": 50000, "loss": 2.443990405724973, "accuracy": 38.842}, "epoch_12": {"correct_images": 20269, "total_images": 50000, "loss": 2.3465782416110135, "accuracy": 40.538}, "epoch_13": {"correct_images": 21015, "total_images": 50000, "loss": 2.289843739903703, "accuracy": 42.03}, "epoch_14": {"correct_images": 22121, "total_images": 50000, "loss": 2.1736593848588517, "accuracy": 44.242}, "epoch_15": {"correct_images": 22790, "total_images": 50000, "loss": 2.1277450718441786, "accuracy": 45.58}, "epoch_16": {"correct_images": 23537, "total_images": 50000, "loss": 2.0672116510722103, "accuracy": 47.074}}