{"epoch_1": {"correct_images": 4992, "total_images": 50000, "loss": 4.05232765212059, "accuracy": 9.984}, "epoch_2": {"correct_images": 11799, "total_images": 50000, "loss": 3.128598784685135, "accuracy": 23.598}, "epoch_3": {"correct_images": 15289, "total_images": 50000, "loss": 2.7693898086547852, "accuracy": 30.578}, "epoch_4": {"correct_images": 17250, "total_images": 50000, "loss": 2.5694063611269, "accuracy": 34.5}, "epoch_5": {"correct_images": 18642, "total_images": 50000, "loss": 2.439040810763836, "accuracy": 37.284}, "epoch_6": {"correct_images": 19775, "total_images": 50000, "loss": 2.3345554839611053, "accuracy": 39.55}, "epoch_7": {"correct_images": 20587, "total_images": 50000, "loss": 2.2473166727781297, "accuracy": 41.174}, "epoch_8": {"correct_images": 21394, "total_images": 50000, "loss": 2.1811320321917536, "accuracy": 42.788}, "epoch_9": {"correct_images": 21892, "total_images": 50000, "loss": 2.130299779057503, "accuracy": 43.784}, "epoch_10": {"correct_images": 22404, "total_images": 50000, "loss": 2.0811876280069352, "accuracy": 44.808}, "epoch_11": {"correct_images": 22897, "total_images": 50000, "loss": 2.0351379014492035, "accuracy": 45.794}, "epoch_12": {"correct_images": 23467, "total_images": 50000, "loss": 1.9890728559404611, "accuracy": 46.934}, "epoch_13": {"correct_images": 23823, "total_images": 50000, "loss": 1.954406212645769, "accuracy": 47.646}, "epoch_14": {"correct_images": 24206, "total_images": 50000, "loss": 1.9221916767120362, "accuracy": 48.412}, "epoch_15": {"correct_images": 24613, "total_images": 50000, "loss": 1.8890700315594673, "accuracy": 49.226}, "epoch_16": {"correct_images": 24941, "total_images": 50000, "loss": 1.8625082132160664, "accuracy": 49.882}, "epoch_17": {"correct_images": 25176, "total_images": 50000, "loss": 1.8307605569660663, "accuracy": 50.352}, "epoch_18": {"correct_images": 25464, "total_images": 50000, "loss": 1.8113601821899414, "accuracy": 50.928}, "epoch_19": {"correct_images": 25837, "total_images": 50000, "loss": 1.783745437067747, "accuracy": 51.674}, "epoch_20": {"correct_images": 26014, "total_images": 50000, "loss": 1.7642828757852316, "accuracy": 52.028}}