{"epoch_1": {"correct_images": 3947, "total_images": 50000, "loss": 4.154358603155521, "accuracy": 7.894}, "epoch_2": {"correct_images": 8947, "total_images": 50000, "loss": 3.4721864492387113, "accuracy": 17.894}, "epoch_3": {"correct_images": 9700, "total_images": 50000, "loss": 4.89333593997809, "accuracy": 19.4}, "epoch_4": {"correct_images": 10829, "total_images": 50000, "loss": 3.341205698145015, "accuracy": 21.658}, "epoch_5": {"correct_images": 13051, "total_images": 50000, "loss": 3.060650149879553, "accuracy": 26.102}, "epoch_6": {"correct_images": 14249, "total_images": 50000, "loss": 2.917373970646383, "accuracy": 28.498}, "epoch_7": {"correct_images": 14934, "total_images": 50000, "loss": 2.8339780102605405, "accuracy": 29.868}, "epoch_8": {"correct_images": 15618, "total_images": 50000, "loss": 2.7606405294154914, "accuracy": 31.236}, "epoch_9": {"correct_images": 16284, "total_images": 50000, "loss": 2.69418787285495, "accuracy": 32.568}, "epoch_10": {"correct_images": 16722, "total_images": 50000, "loss": 2.6622395881301606, "accuracy": 33.444}, "epoch_11": {"correct_images": 17011, "total_images": 50000, "loss": 2.6202109395085698, "accuracy": 34.022}, "epoch_12": {"correct_images": 17468, "total_images": 50000, "loss": 2.5732042632444436, "accuracy": 34.936}, "epoch_13": {"correct_images": 17876, "total_images": 50000, "loss": 2.5375121612378093, "accuracy": 35.752}, "epoch_14": {"correct_images": 18105, "total_images": 50000, "loss": 2.505850410369961, "accuracy": 36.21}, "epoch_15": {"correct_images": 18464, "total_images": 50000, "loss": 2.477200227320347, "accuracy": 36.928}, "epoch_16": {"correct_images": 18765, "total_images": 50000, "loss": 2.4430581033992036, "accuracy": 37.53}, "epoch_17": {"correct_images": 18994, "total_images": 50000, "loss": 2.422015152928774, "accuracy": 37.988}, "epoch_18": {"correct_images": 19323, "total_images": 50000, "loss": 2.393751390144953, "accuracy": 38.646}, "epoch_19": {"correct_images": 19482, "total_images": 50000, "loss": 2.3732866932973837, "accuracy": 38.964}, "epoch_20": {"correct_images": 19750, "total_images": 50000, "loss": 2.3474605671889948, "accuracy": 39.5}}