{"epoch_1": {"correct_images": 5170, "total_images": 50000, "loss": 4.036604618644715, "accuracy": 10.34}, "epoch_2": {"correct_images": 11142, "total_images": 50000, "loss": 3.1955323859214784, "accuracy": 22.284}, "epoch_3": {"correct_images": 14140, "total_images": 50000, "loss": 2.8923959849357606, "accuracy": 28.28}, "epoch_4": {"correct_images": 15717, "total_images": 50000, "loss": 2.7218257623195647, "accuracy": 31.434}, "epoch_5": {"correct_images": 16893, "total_images": 50000, "loss": 2.6076781908512117, "accuracy": 33.786}, "epoch_6": {"correct_images": 17715, "total_images": 50000, "loss": 2.530823869228363, "accuracy": 35.43}, "epoch_7": {"correct_images": 18295, "total_images": 50000, "loss": 2.4706089644193647, "accuracy": 36.59}, "epoch_8": {"correct_images": 18937, "total_images": 50000, "loss": 2.4119678245663643, "accuracy": 37.874}, "epoch_9": {"correct_images": 19442, "total_images": 50000, "loss": 2.363487541103363, "accuracy": 38.884}, "epoch_10": {"correct_images": 19691, "total_images": 50000, "loss": 2.3225030058026315, "accuracy": 39.382}, "epoch_11": {"correct_images": 20166, "total_images": 50000, "loss": 2.289064810168743, "accuracy": 40.332}, "epoch_12": {"correct_images": 20511, "total_images": 50000, "loss": 2.2511588072001936, "accuracy": 41.022}, "epoch_13": {"correct_images": 20801, "total_images": 50000, "loss": 2.221066674363613, "accuracy": 41.602}, "epoch_14": {"correct_images": 21276, "total_images": 50000, "loss": 2.188617963051796, "accuracy": 42.552}, "epoch_15": {"correct_images": 21441, "total_images": 50000, "loss": 2.1593508795499803, "accuracy": 42.882}, "epoch_16": {"correct_images": 21983, "total_images": 50000, "loss": 2.132560513520241, "accuracy": 43.966}, "epoch_17": {"correct_images": 22090, "total_images": 50000, "loss": 2.1152703378081323, "accuracy": 44.18}, "epoch_18": {"correct_images": 22311, "total_images": 50000, "loss": 2.0896393624961376, "accuracy": 44.622}, "epoch_19": {"correct_images": 22503, "total_images": 50000, "loss": 2.071438097846508, "accuracy": 45.006}, "epoch_20": {"correct_images": 22806, "total_images": 50000, "loss": 2.052945165759325, "accuracy": 45.612}}