{"epoch_1": {"correct_images": 4410, "total_images": 50000, "loss": 4.022101181852238, "accuracy": 8.82}, "epoch_2": {"correct_images": 9870, "total_images": 50000, "loss": 3.34749935959916, "accuracy": 19.74}, "epoch_3": {"correct_images": 12515, "total_images": 50000, "loss": 3.0585615839189884, "accuracy": 25.03}, "epoch_4": {"correct_images": 14515, "total_images": 50000, "loss": 2.862751732701841, "accuracy": 29.03}, "epoch_5": {"correct_images": 15821, "total_images": 50000, "loss": 2.708327544619665, "accuracy": 31.642}, "epoch_6": {"correct_images": 17233, "total_images": 50000, "loss": 2.5655164803995194, "accuracy": 34.466}, "epoch_7": {"correct_images": 18301, "total_images": 50000, "loss": 2.456627824574785, "accuracy": 36.602}, "epoch_8": {"correct_images": 19298, "total_images": 50000, "loss": 2.355990975866537, "accuracy": 38.596}, "epoch_9": {"correct_images": 20081, "total_images": 50000, "loss": 2.270809896461799, "accuracy": 40.162}, "epoch_10": {"correct_images": 21057, "total_images": 50000, "loss": 2.1916607461317117, "accuracy": 42.114}, "epoch_11": {"correct_images": 21854, "total_images": 50000, "loss": 2.112327568213958, "accuracy": 43.708}, "epoch_12": {"correct_images": 22683, "total_images": 50000, "loss": 2.0464150591579546, "accuracy": 45.366}, "epoch_13": {"correct_images": 23406, "total_images": 50000, "loss": 1.973284075479678, "accuracy": 46.812}, "epoch_14": {"correct_images": 24059, "total_images": 50000, "loss": 1.9103604992637244, "accuracy": 48.118}, "epoch_15": {"correct_images": 24708, "total_images": 50000, "loss": 1.8492702358519024, "accuracy": 49.416}, "epoch_16": {"correct_images": 25416, "total_images": 50000, "loss": 1.792509092851673, "accuracy": 50.832}, "epoch_17": {"correct_images": 26044, "total_images": 50000, "loss": 1.7322066421703914, "accuracy": 52.088}, "epoch_18": {"correct_images": 26704, "total_images": 50000, "loss": 1.6758222089094275, "accuracy": 53.408}, "epoch_19": {"correct_images": 27263, "total_images": 50000, "loss": 1.6256297524932706, "accuracy": 54.526}, "epoch_20": {"correct_images": 27968, "total_images": 50000, "loss": 1.5730169296569532, "accuracy": 55.936}}