{"epoch_1": {"correct_images": 3967, "total_images": 50000, "loss": 4.064996652457179, "accuracy": 7.934}, "epoch_2": {"correct_images": 9408, "total_images": 50000, "loss": 3.3763093851050554, "accuracy": 18.816}, "epoch_3": {"correct_images": 13280, "total_images": 50000, "loss": 2.969836019739813, "accuracy": 26.56}, "epoch_4": {"correct_images": 15987, "total_images": 50000, "loss": 2.7006963017035504, "accuracy": 31.974}, "epoch_5": {"correct_images": 18263, "total_images": 50000, "loss": 2.4772233804877923, "accuracy": 36.526}, "epoch_6": {"correct_images": 19904, "total_images": 50000, "loss": 2.3000713331358775, "accuracy": 39.808}, "epoch_7": {"correct_images": 21600, "total_images": 50000, "loss": 2.1664714034722774, "accuracy": 43.2}, "epoch_8": {"correct_images": 22930, "total_images": 50000, "loss": 2.0371716898314807, "accuracy": 45.86}, "epoch_9": {"correct_images": 24147, "total_images": 50000, "loss": 1.9248285232758036, "accuracy": 48.294}, "epoch_10": {"correct_images": 25233, "total_images": 50000, "loss": 1.8311707304448497, "accuracy": 50.466}, "epoch_11": {"correct_images": 26282, "total_images": 50000, "loss": 1.7354348241066446, "accuracy": 52.564}, "epoch_12": {"correct_images": 27154, "total_images": 50000, "loss": 1.6692757722066374, "accuracy": 54.308}, "epoch_13": {"correct_images": 28055, "total_images": 50000, "loss": 1.5826696887308238, "accuracy": 56.11}, "epoch_14": {"correct_images": 28865, "total_images": 50000, "loss": 1.5200128384998866, "accuracy": 57.73}, "epoch_15": {"correct_images": 29809, "total_images": 50000, "loss": 1.43975715977805, "accuracy": 59.618}, "epoch_16": {"correct_images": 30633, "total_images": 50000, "loss": 1.3780882048363587, "accuracy": 61.266}}