{"epoch_1": {"correct_images": 784, "total_images": 5000, "loss": 2.6074435816535466, "accuracy": 15.68}, "epoch_2": {"correct_images": 1302, "total_images": 5000, "loss": 1.9204503509062756, "accuracy": 26.04}, "epoch_3": {"correct_images": 1553, "total_images": 5000, "loss": 1.7711516769626472, "accuracy": 31.06}, "epoch_4": {"correct_images": 1845, "total_images": 5000, "loss": 1.6508618004714386, "accuracy": 36.9}, "epoch_5": {"correct_images": 1967, "total_images": 5000, "loss": 1.5972397719757467, "accuracy": 39.34}, "epoch_6": {"correct_images": 2061, "total_images": 5000, "loss": 1.5231472148170955, "accuracy": 41.22}, "epoch_7": {"correct_images": 2250, "total_images": 5000, "loss": 1.449983221066149, "accuracy": 45.0}, "epoch_8": {"correct_images": 2406, "total_images": 5000, "loss": 1.4026309508311599, "accuracy": 48.12}, "epoch_9": {"correct_images": 2493, "total_images": 5000, "loss": 1.3331804796110225, "accuracy": 49.86}, "epoch_10": {"correct_images": 2649, "total_images": 5000, "loss": 1.2708958945696867, "accuracy": 52.98}, "epoch_11": {"correct_images": 2634, "total_images": 5000, "loss": 1.266571014742308, "accuracy": 52.68}, "epoch_12": {"correct_images": 2727, "total_images": 5000, "loss": 1.2316265981408614, "accuracy": 54.54}, "epoch_13": {"correct_images": 2775, "total_images": 5000, "loss": 1.2028005440023881, "accuracy": 55.5}, "epoch_14": {"correct_images": 1971, "total_images": 5000, "loss": 1.7881707088856758, "accuracy": 39.42}, "epoch_15": {"correct_images": 2198, "total_images": 5000, "loss": 1.4727747817582721, "accuracy": 43.96}, "epoch_16": {"correct_images": 2485, "total_images": 5000, "loss": 1.3382706159277806, "accuracy": 49.7}, "epoch_17": {"correct_images": 2705, "total_images": 5000, "loss": 1.2176659152477602, "accuracy": 54.1}, "epoch_18": {"correct_images": 2837, "total_images": 5000, "loss": 1.1714765769016893, "accuracy": 56.74}, "epoch_19": {"correct_images": 2846, "total_images": 5000, "loss": 1.1542165724537041, "accuracy": 56.92}, "epoch_20": {"correct_images": 3010, "total_images": 5000, "loss": 1.085572258581089, "accuracy": 60.2}}