{"epoch_1": {"correct_images": 913, "total_images": 5000, "loss": 2.2910479880586454, "accuracy": 18.26}, "epoch_2": {"correct_images": 1408, "total_images": 5000, "loss": 1.8828755813308908, "accuracy": 28.16}, "epoch_3": {"correct_images": 1731, "total_images": 5000, "loss": 1.7154047142101239, "accuracy": 34.62}, "epoch_4": {"correct_images": 1929, "total_images": 5000, "loss": 1.6088415670998488, "accuracy": 38.58}, "epoch_5": {"correct_images": 2032, "total_images": 5000, "loss": 1.5651837542087217, "accuracy": 40.64}, "epoch_6": {"correct_images": 2248, "total_images": 5000, "loss": 1.4751883232140843, "accuracy": 44.96}, "epoch_7": {"correct_images": 2376, "total_images": 5000, "loss": 1.400176132781596, "accuracy": 47.52}, "epoch_8": {"correct_images": 2415, "total_images": 5000, "loss": 1.3660358877121648, "accuracy": 48.3}, "epoch_9": {"correct_images": 2516, "total_images": 5000, "loss": 1.3335545817507972, "accuracy": 50.32}, "epoch_10": {"correct_images": 2576, "total_images": 5000, "loss": 1.299108186854592, "accuracy": 51.52}, "epoch_11": {"correct_images": 2680, "total_images": 5000, "loss": 1.2290181464786771, "accuracy": 53.6}, "epoch_12": {"correct_images": 2821, "total_images": 5000, "loss": 1.181363405306128, "accuracy": 56.42}, "epoch_13": {"correct_images": 2844, "total_images": 5000, "loss": 1.156388607206224, "accuracy": 56.88}, "epoch_14": {"correct_images": 2869, "total_images": 5000, "loss": 1.1375429675548892, "accuracy": 57.38}, "epoch_15": {"correct_images": 2964, "total_images": 5000, "loss": 1.0955516514898855, "accuracy": 59.28}, "epoch_16": {"correct_images": 3026, "total_images": 5000, "loss": 1.0659611059140555, "accuracy": 60.52}, "epoch_17": {"correct_images": 3078, "total_images": 5000, "loss": 1.0187073719652393, "accuracy": 61.56}, "epoch_18": {"correct_images": 3116, "total_images": 5000, "loss": 1.027062185957462, "accuracy": 62.32}, "epoch_19": {"correct_images": 3192, "total_images": 5000, "loss": 0.9888961413238622, "accuracy": 63.84}, "epoch_20": {"correct_images": 3178, "total_images": 5000, "loss": 0.9790242133261282, "accuracy": 63.56}}