{"epoch_1": {"correct_images": 5246, "total_images": 100000, "loss": 4.825397533860942, "accuracy": 5.246}, "epoch_2": {"correct_images": 10987, "total_images": 100000, "loss": 4.313520380570503, "accuracy": 10.987}, "epoch_3": {"correct_images": 13013, "total_images": 100000, "loss": 4.172515656653689, "accuracy": 13.013}, "epoch_4": {"correct_images": 14700, "total_images": 100000, "loss": 4.051742885178355, "accuracy": 14.7}, "epoch_5": {"correct_images": 15617, "total_images": 100000, "loss": 3.9908214196591367, "accuracy": 15.617}, "epoch_6": {"correct_images": 16117, "total_images": 100000, "loss": 3.9537037212118, "accuracy": 16.117}, "epoch_7": {"correct_images": 16646, "total_images": 100000, "loss": 3.918525487890018, "accuracy": 16.646}, "epoch_8": {"correct_images": 17013, "total_images": 100000, "loss": 3.897586786052926, "accuracy": 17.013}, "epoch_9": {"correct_images": 17417, "total_images": 100000, "loss": 3.8653591319832827, "accuracy": 17.417}, "epoch_10": {"correct_images": 14863, "total_images": 100000, "loss": 4.0819946195708585, "accuracy": 14.863}}