{"epoch_1": {"correct_images": 5642, "total_images": 100000, "loss": 4.763476147075075, "accuracy": 5.642}, "epoch_2": {"correct_images": 12269, "total_images": 100000, "loss": 4.179286244277075, "accuracy": 12.269}, "epoch_3": {"correct_images": 15854, "total_images": 100000, "loss": 3.935973307145229, "accuracy": 15.854}, "epoch_4": {"correct_images": 17682, "total_images": 100000, "loss": 3.806085016661856, "accuracy": 17.682}, "epoch_5": {"correct_images": 18989, "total_images": 100000, "loss": 3.7188822341438144, "accuracy": 18.989}, "epoch_6": {"correct_images": 20046, "total_images": 100000, "loss": 3.6618041372878842, "accuracy": 20.046}, "epoch_7": {"correct_images": 20667, "total_images": 100000, "loss": 3.6176586915343827, "accuracy": 20.667}, "epoch_8": {"correct_images": 21209, "total_images": 100000, "loss": 3.5856869563946567, "accuracy": 21.209}, "epoch_9": {"correct_images": 21653, "total_images": 100000, "loss": 3.5557782592029046, "accuracy": 21.653}, "epoch_10": {"correct_images": 22015, "total_images": 100000, "loss": 3.533514179942399, "accuracy": 22.015}}