{"epoch_1": {"correct_images": 654, "total_images": 50000, "loss": 23.53973691237857, "accuracy": 1.308}, "epoch_2": {"correct_images": 1010, "total_images": 50000, "loss": 4.582156570366276, "accuracy": 2.02}, "epoch_3": {"correct_images": 1480, "total_images": 50000, "loss": 4.527500592229312, "accuracy": 2.96}, "epoch_4": {"correct_images": 1594, "total_images": 50000, "loss": 4.723449170437005, "accuracy": 3.188}, "epoch_5": {"correct_images": 1915, "total_images": 50000, "loss": 4.413315521176819, "accuracy": 3.83}, "epoch_6": {"correct_images": 2618, "total_images": 50000, "loss": 4.259075849257466, "accuracy": 5.236}, "epoch_7": {"correct_images": 3192, "total_images": 50000, "loss": 4.147680025271443, "accuracy": 6.384}, "epoch_8": {"correct_images": 3980, "total_images": 50000, "loss": 4.013883844665859, "accuracy": 7.96}, "epoch_9": {"correct_images": 4609, "total_images": 50000, "loss": 3.9323940685642955, "accuracy": 9.218}, "epoch_10": {"correct_images": 4665, "total_images": 50000, "loss": 9336530.531339036, "accuracy": 9.33}, "epoch_11": {"correct_images": 487, "total_images": 50000, "loss": 70477.63392767943, "accuracy": 0.974}, "epoch_12": {"correct_images": 451, "total_images": 50000, "loss": 16120.990572800112, "accuracy": 0.902}, "epoch_13": {"correct_images": 493, "total_images": 50000, "loss": 10670.375393996763, "accuracy": 0.986}, "epoch_14": {"correct_images": 481, "total_images": 50000, "loss": 8224.667420526295, "accuracy": 0.962}, "epoch_15": {"correct_images": 496, "total_images": 50000, "loss": 5315.7439760954485, "accuracy": 0.992}, "epoch_16": {"correct_images": 506, "total_images": 50000, "loss": 5078.452190662589, "accuracy": 1.012}, "epoch_17": {"correct_images": 515, "total_images": 50000, "loss": 1338.1862319204813, "accuracy": 1.03}, "epoch_18": {"correct_images": 470, "total_images": 50000, "loss": 1200.206626404277, "accuracy": 0.94}, "epoch_19": {"correct_images": 502, "total_images": 50000, "loss": 3291.758016678988, "accuracy": 1.004}, "epoch_20": {"correct_images": 470, "total_images": 50000, "loss": 125450.4650618219, "accuracy": 0.94}}