{"epoch_1": {"correct_images": 485, "total_images": 50000, "loss": 11.349789615787204, "accuracy": 0.97}, "epoch_2": {"correct_images": 740, "total_images": 50000, "loss": 4.60816893248302, "accuracy": 1.48}, "epoch_3": {"correct_images": 963, "total_images": 50000, "loss": 4.547347539526117, "accuracy": 1.926}, "epoch_4": {"correct_images": 1072, "total_images": 50000, "loss": 4.9021685977116265, "accuracy": 2.144}, "epoch_5": {"correct_images": 1801, "total_images": 50000, "loss": 4.355177086027687, "accuracy": 3.602}, "epoch_6": {"correct_images": 2338, "total_images": 50000, "loss": 4.247463275404537, "accuracy": 4.676}, "epoch_7": {"correct_images": 1952, "total_images": 50000, "loss": 4.334191282082092, "accuracy": 3.904}, "epoch_8": {"correct_images": 3153, "total_images": 50000, "loss": 4.127414226531982, "accuracy": 6.306}, "epoch_9": {"correct_images": 4424, "total_images": 50000, "loss": 3.945222215274411, "accuracy": 8.848}, "epoch_10": {"correct_images": 1305, "total_images": 50000, "loss": 27357.34653304117, "accuracy": 2.61}, "epoch_11": {"correct_images": 506, "total_images": 50000, "loss": 6.209868445725697, "accuracy": 1.012}, "epoch_12": {"correct_images": 538, "total_images": 50000, "loss": 5.25359963334125, "accuracy": 1.076}, "epoch_13": {"correct_images": 494, "total_images": 50000, "loss": 5.238124270573296, "accuracy": 0.988}, "epoch_14": {"correct_images": 485, "total_images": 50000, "loss": 5.276109277744732, "accuracy": 0.97}, "epoch_15": {"correct_images": 512, "total_images": 50000, "loss": 5.29527038015673, "accuracy": 1.024}, "epoch_16": {"correct_images": 623, "total_images": 50000, "loss": 5.378424373734028, "accuracy": 1.246}, "epoch_17": {"correct_images": 518, "total_images": 50000, "loss": 5.311790873632407, "accuracy": 1.036}, "epoch_18": {"correct_images": 586, "total_images": 50000, "loss": 5.362138010961625, "accuracy": 1.172}, "epoch_19": {"correct_images": 495, "total_images": 50000, "loss": 5.389689015610443, "accuracy": 0.99}, "epoch_20": {"correct_images": 495, "total_images": 50000, "loss": 5.392944126787698, "accuracy": 0.99}}