{"epoch_1": {"correct_images": 3849, "total_images": 50000, "loss": 4.122877312743145, "accuracy": 7.698}, "epoch_2": {"correct_images": 8095, "total_images": 50000, "loss": 3.5286340567157093, "accuracy": 16.19}, "epoch_3": {"correct_images": 10638, "total_images": 50000, "loss": 3.239017405473363, "accuracy": 21.276}, "epoch_4": {"correct_images": 11977, "total_images": 50000, "loss": 3.082914361868368, "accuracy": 23.954}, "epoch_5": {"correct_images": 13055, "total_images": 50000, "loss": 2.9809484170830767, "accuracy": 26.11}, "epoch_6": {"correct_images": 13849, "total_images": 50000, "loss": 2.8956114538490314, "accuracy": 27.698}, "epoch_7": {"correct_images": 14358, "total_images": 50000, "loss": 2.840594834074035, "accuracy": 28.716}, "epoch_8": {"correct_images": 14838, "total_images": 50000, "loss": 2.785554821686367, "accuracy": 29.676}, "epoch_9": {"correct_images": 15428, "total_images": 50000, "loss": 2.7381067585457317, "accuracy": 30.856}, "epoch_10": {"correct_images": 15737, "total_images": 50000, "loss": 2.6992804943143254, "accuracy": 31.474}, "epoch_11": {"correct_images": 15977, "total_images": 50000, "loss": 2.67576705982618, "accuracy": 31.954}, "epoch_12": {"correct_images": 16247, "total_images": 50000, "loss": 2.6369032689067713, "accuracy": 32.494}, "epoch_13": {"correct_images": 16571, "total_images": 50000, "loss": 2.627826464450573, "accuracy": 33.142}, "epoch_14": {"correct_images": 16683, "total_images": 50000, "loss": 2.603145445094389, "accuracy": 33.366}, "epoch_15": {"correct_images": 16837, "total_images": 50000, "loss": 2.596043950761371, "accuracy": 33.674}, "epoch_16": {"correct_images": 16988, "total_images": 50000, "loss": 2.5704240492542687, "accuracy": 33.976}, "epoch_17": {"correct_images": 17189, "total_images": 50000, "loss": 2.5528575779531923, "accuracy": 34.378}, "epoch_18": {"correct_images": 17360, "total_images": 50000, "loss": 2.5428811945878635, "accuracy": 34.72}, "epoch_19": {"correct_images": 17355, "total_images": 50000, "loss": 2.5301103890704377, "accuracy": 34.71}, "epoch_20": {"correct_images": 17617, "total_images": 50000, "loss": 2.522172096135366, "accuracy": 35.234}}