{"epoch_1": {"correct_images": 1803, "total_images": 50000, "loss": 6.528482048102962, "accuracy": 3.606}, "epoch_2": {"correct_images": 3271, "total_images": 50000, "loss": 4.196340570059578, "accuracy": 6.542}, "epoch_3": {"correct_images": 5329, "total_images": 50000, "loss": 3.8882995459734633, "accuracy": 10.658}, "epoch_4": {"correct_images": 1500, "total_images": 50000, "loss": 32139514.625312872, "accuracy": 3.0}, "epoch_5": {"correct_images": 535, "total_images": 50000, "loss": 14184.20674777214, "accuracy": 1.07}, "epoch_6": {"correct_images": 488, "total_images": 50000, "loss": 13177.531308693655, "accuracy": 0.976}, "epoch_7": {"correct_images": 501, "total_images": 50000, "loss": 12254.324524081881, "accuracy": 1.002}, "epoch_8": {"correct_images": 502, "total_images": 50000, "loss": 9624.25137805207, "accuracy": 1.004}, "epoch_9": {"correct_images": 513, "total_images": 50000, "loss": 7817.736561650815, "accuracy": 1.026}, "epoch_10": {"correct_images": 451, "total_images": 50000, "loss": 6948.463751048993, "accuracy": 0.902}, "epoch_11": {"correct_images": 496, "total_images": 50000, "loss": 6515.732308858496, "accuracy": 0.992}, "epoch_12": {"correct_images": 485, "total_images": 50000, "loss": 8268.066564847746, "accuracy": 0.97}, "epoch_13": {"correct_images": 486, "total_images": 50000, "loss": 6383.748300069434, "accuracy": 0.972}, "epoch_14": {"correct_images": 480, "total_images": 50000, "loss": 3554.5552976954623, "accuracy": 0.96}, "epoch_15": {"correct_images": 484, "total_images": 50000, "loss": 2028.155359214529, "accuracy": 0.968}, "epoch_16": {"correct_images": 519, "total_images": 50000, "loss": 1083.7887074502228, "accuracy": 1.038}, "epoch_17": {"correct_images": 503, "total_images": 50000, "loss": 458.40440838904027, "accuracy": 1.006}, "epoch_18": {"correct_images": 496, "total_images": 50000, "loss": 223.51377498890128, "accuracy": 0.992}, "epoch_19": {"correct_images": 500, "total_images": 50000, "loss": 123.51751777278189, "accuracy": 1.0}, "epoch_20": {"correct_images": 485, "total_images": 50000, "loss": 82.63250603151444, "accuracy": 0.97}}