{"epoch_1": {"correct_images": 5170, "total_images": 50000, "loss": 3.900479518848917, "accuracy": 10.34}, "epoch_2": {"correct_images": 11582, "total_images": 50000, "loss": 3.1462739885920454, "accuracy": 23.164}, "epoch_3": {"correct_images": 15221, "total_images": 50000, "loss": 2.759414571477934, "accuracy": 30.442}, "epoch_4": {"correct_images": 17660, "total_images": 50000, "loss": 2.517725027735581, "accuracy": 35.32}, "epoch_5": {"correct_images": 19697, "total_images": 50000, "loss": 2.3286046779064264, "accuracy": 39.394}, "epoch_6": {"correct_images": 21038, "total_images": 50000, "loss": 2.1887304709695488, "accuracy": 42.076}, "epoch_7": {"correct_images": 22201, "total_images": 50000, "loss": 2.1023850864766502, "accuracy": 44.402}, "epoch_8": {"correct_images": 23205, "total_images": 50000, "loss": 2.0000311778024638, "accuracy": 46.41}, "epoch_9": {"correct_images": 24038, "total_images": 50000, "loss": 1.9235348067320217, "accuracy": 48.076}, "epoch_10": {"correct_images": 24922, "total_images": 50000, "loss": 1.8450794623940803, "accuracy": 49.844}, "epoch_11": {"correct_images": 25629, "total_images": 50000, "loss": 1.787717099537325, "accuracy": 51.258}, "epoch_12": {"correct_images": 26221, "total_images": 50000, "loss": 1.7329663181548838, "accuracy": 52.442}, "epoch_13": {"correct_images": 26973, "total_images": 50000, "loss": 1.6736552852498905, "accuracy": 53.946}, "epoch_14": {"correct_images": 27685, "total_images": 50000, "loss": 1.618396074646879, "accuracy": 55.37}, "epoch_15": {"correct_images": 28104, "total_images": 50000, "loss": 1.5716107200326213, "accuracy": 56.208}, "epoch_16": {"correct_images": 28756, "total_images": 50000, "loss": 1.5247367534338665, "accuracy": 57.512}, "epoch_17": {"correct_images": 29144, "total_images": 50000, "loss": 1.4750040005844878, "accuracy": 58.288}, "epoch_18": {"correct_images": 29895, "total_images": 50000, "loss": 1.4308401419378607, "accuracy": 59.79}, "epoch_19": {"correct_images": 30259, "total_images": 50000, "loss": 1.3826273995287277, "accuracy": 60.518}, "epoch_20": {"correct_images": 30904, "total_images": 50000, "loss": 1.339867404888353, "accuracy": 61.808}}