{"epoch_1": {"correct_images": 3876, "total_images": 50000, "loss": 4.099696863032973, "accuracy": 7.752}, "epoch_2": {"correct_images": 8125, "total_images": 50000, "loss": 3.50551431929059, "accuracy": 16.25}, "epoch_3": {"correct_images": 10452, "total_images": 50000, "loss": 3.253615036035133, "accuracy": 20.904}, "epoch_4": {"correct_images": 12020, "total_images": 50000, "loss": 3.094571528227433, "accuracy": 24.04}, "epoch_5": {"correct_images": 12845, "total_images": 50000, "loss": 2.997088396945573, "accuracy": 25.69}, "epoch_6": {"correct_images": 13533, "total_images": 50000, "loss": 2.9167812632782684, "accuracy": 27.066}, "epoch_7": {"correct_images": 14443, "total_images": 50000, "loss": 2.835902086914043, "accuracy": 28.886}, "epoch_8": {"correct_images": 14816, "total_images": 50000, "loss": 2.7936197674792744, "accuracy": 29.632}, "epoch_9": {"correct_images": 14925, "total_images": 50000, "loss": 2.7692602767663845, "accuracy": 29.85}, "epoch_10": {"correct_images": 15432, "total_images": 50000, "loss": 2.7360100868108024, "accuracy": 30.864}, "epoch_11": {"correct_images": 15542, "total_images": 50000, "loss": 2.720989417846855, "accuracy": 31.084}, "epoch_12": {"correct_images": 15855, "total_images": 50000, "loss": 2.706289080402735, "accuracy": 31.71}, "epoch_13": {"correct_images": 16080, "total_images": 50000, "loss": 2.6690131372503, "accuracy": 32.16}, "epoch_14": {"correct_images": 16299, "total_images": 50000, "loss": 2.653144446480305, "accuracy": 32.598}, "epoch_15": {"correct_images": 16276, "total_images": 50000, "loss": 2.652575743320348, "accuracy": 32.552}, "epoch_16": {"correct_images": 16116, "total_images": 50000, "loss": 2.646334423890809, "accuracy": 32.232}, "epoch_17": {"correct_images": 16551, "total_images": 50000, "loss": 2.630442562005709, "accuracy": 33.102}, "epoch_18": {"correct_images": 16656, "total_images": 50000, "loss": 2.6228733710620715, "accuracy": 33.312}, "epoch_19": {"correct_images": 16796, "total_images": 50000, "loss": 2.6063903608285557, "accuracy": 33.592}, "epoch_20": {"correct_images": 16768, "total_images": 50000, "loss": 2.597760466968312, "accuracy": 33.536}}