{"epoch_1": {"correct_images": 645, "total_images": 50000, "loss": 13.772802552298817, "accuracy": 1.29}, "epoch_2": {"correct_images": 983, "total_images": 50000, "loss": 4.5707413851452605, "accuracy": 1.966}, "epoch_3": {"correct_images": 1671, "total_images": 50000, "loss": 4.438113151608831, "accuracy": 3.342}, "epoch_4": {"correct_images": 2369, "total_images": 50000, "loss": 4.2609088908680866, "accuracy": 4.738}, "epoch_5": {"correct_images": 3308, "total_images": 50000, "loss": 4.100934459425299, "accuracy": 6.616}, "epoch_6": {"correct_images": 4150, "total_images": 50000, "loss": 3.994593153524277, "accuracy": 8.3}, "epoch_7": {"correct_images": 5064, "total_images": 50000, "loss": 3.897841394100043, "accuracy": 10.128}, "epoch_8": {"correct_images": 4001, "total_images": 50000, "loss": 170103131.59770474, "accuracy": 8.002}, "epoch_9": {"correct_images": 474, "total_images": 50000, "loss": 20775.02305661565, "accuracy": 0.948}, "epoch_10": {"correct_images": 494, "total_images": 50000, "loss": 12594.575481912365, "accuracy": 0.988}, "epoch_11": {"correct_images": 483, "total_images": 50000, "loss": 10144.887084024336, "accuracy": 0.966}, "epoch_12": {"correct_images": 484, "total_images": 50000, "loss": 6169.486142053628, "accuracy": 0.968}, "epoch_13": {"correct_images": 478, "total_images": 50000, "loss": 4352.947043650595, "accuracy": 0.956}, "epoch_14": {"correct_images": 509, "total_images": 50000, "loss": 3805.1813181221028, "accuracy": 1.018}, "epoch_15": {"correct_images": 530, "total_images": 50000, "loss": 3486.7300959828563, "accuracy": 1.06}, "epoch_16": {"correct_images": 497, "total_images": 50000, "loss": 2933.4527513352805, "accuracy": 0.994}, "epoch_17": {"correct_images": 491, "total_images": 50000, "loss": 178.04643342927898, "accuracy": 0.982}, "epoch_18": {"correct_images": 500, "total_images": 50000, "loss": 69.80216133564025, "accuracy": 1.0}, "epoch_19": {"correct_images": 515, "total_images": 50000, "loss": 35.38237510434807, "accuracy": 1.03}, "epoch_20": {"correct_images": 496, "total_images": 50000, "loss": 20.569694269648597, "accuracy": 0.992}}