{"epoch_1": {"correct_images": 5242, "total_images": 50000, "loss": 3.8909668529125128, "accuracy": 10.484}, "epoch_2": {"correct_images": 11200, "total_images": 50000, "loss": 3.1849749036457227, "accuracy": 22.4}, "epoch_3": {"correct_images": 14708, "total_images": 50000, "loss": 2.8268186512505613, "accuracy": 29.416}, "epoch_4": {"correct_images": 16862, "total_images": 50000, "loss": 2.605249675795855, "accuracy": 33.724}, "epoch_5": {"correct_images": 18526, "total_images": 50000, "loss": 2.4418629311844517, "accuracy": 37.052}, "epoch_6": {"correct_images": 19720, "total_images": 50000, "loss": 2.325061979806027, "accuracy": 39.44}, "epoch_7": {"correct_images": 20793, "total_images": 50000, "loss": 2.231963118476331, "accuracy": 41.586}, "epoch_8": {"correct_images": 21381, "total_images": 50000, "loss": 2.1705806108996692, "accuracy": 42.762}, "epoch_9": {"correct_images": 22029, "total_images": 50000, "loss": 2.1014934999253745, "accuracy": 44.058}, "epoch_10": {"correct_images": 22814, "total_images": 50000, "loss": 2.0467512423120193, "accuracy": 45.628}, "epoch_11": {"correct_images": 23242, "total_images": 50000, "loss": 2.007016215482941, "accuracy": 46.484}, "epoch_12": {"correct_images": 23740, "total_images": 50000, "loss": 1.958567983659027, "accuracy": 47.48}, "epoch_13": {"correct_images": 24137, "total_images": 50000, "loss": 1.9221512406988217, "accuracy": 48.274}, "epoch_14": {"correct_images": 24544, "total_images": 50000, "loss": 1.8924503084033957, "accuracy": 49.088}, "epoch_15": {"correct_images": 24924, "total_images": 50000, "loss": 1.8555406402139103, "accuracy": 49.848}, "epoch_16": {"correct_images": 25073, "total_images": 50000, "loss": 1.832722223780649, "accuracy": 50.146}, "epoch_17": {"correct_images": 25324, "total_images": 50000, "loss": 1.805157891929607, "accuracy": 50.648}, "epoch_18": {"correct_images": 25666, "total_images": 50000, "loss": 1.781840784013119, "accuracy": 51.332}, "epoch_19": {"correct_images": 25971, "total_images": 50000, "loss": 1.7640327890510754, "accuracy": 51.942}, "epoch_20": {"correct_images": 26150, "total_images": 50000, "loss": 1.7408781675883875, "accuracy": 52.3}}