{"epoch_1": {"correct_images": 541, "total_images": 50000, "loss": 249.16207789704012, "accuracy": 1.082}, "epoch_2": {"correct_images": 1015, "total_images": 50000, "loss": 4.623442693134708, "accuracy": 2.03}, "epoch_3": {"correct_images": 1378, "total_images": 50000, "loss": 4.534796297092877, "accuracy": 2.756}, "epoch_4": {"correct_images": 1685, "total_images": 50000, "loss": 4.456414380646728, "accuracy": 3.37}, "epoch_5": {"correct_images": 2173, "total_images": 50000, "loss": 4.327973642617541, "accuracy": 4.346}, "epoch_6": {"correct_images": 2613, "total_images": 50000, "loss": 4.2621400072751445, "accuracy": 5.226}, "epoch_7": {"correct_images": 2877, "total_images": 50000, "loss": 4.205480535621838, "accuracy": 5.754}, "epoch_8": {"correct_images": 2465, "total_images": 50000, "loss": 4.242983026272806, "accuracy": 4.93}, "epoch_9": {"correct_images": 2987, "total_images": 50000, "loss": 4.164574664572011, "accuracy": 5.974}, "epoch_10": {"correct_images": 3469, "total_images": 50000, "loss": 4.088528892573188, "accuracy": 6.938}, "epoch_11": {"correct_images": 3763, "total_images": 50000, "loss": 4.054422902024311, "accuracy": 7.526}, "epoch_12": {"correct_images": 4186, "total_images": 50000, "loss": 4.00182604210456, "accuracy": 8.372}, "epoch_13": {"correct_images": 4423, "total_images": 50000, "loss": 3.957811228149687, "accuracy": 8.846}, "epoch_14": {"correct_images": 4463, "total_images": 50000, "loss": 6037965.82445517, "accuracy": 8.926}, "epoch_15": {"correct_images": 524, "total_images": 50000, "loss": 1913697.314390685, "accuracy": 1.048}, "epoch_16": {"correct_images": 484, "total_images": 50000, "loss": 4929.840217922045, "accuracy": 0.968}, "epoch_17": {"correct_images": 480, "total_images": 50000, "loss": 2903.745896283318, "accuracy": 0.96}, "epoch_18": {"correct_images": 478, "total_images": 50000, "loss": 2558.067096368736, "accuracy": 0.956}, "epoch_19": {"correct_images": 532, "total_images": 50000, "loss": 2306.9031214409165, "accuracy": 1.064}, "epoch_20": {"correct_images": 562, "total_images": 50000, "loss": 2095.0703023534907, "accuracy": 1.124}}