{"epoch_1": {"correct_images": 4833, "total_images": 50000, "loss": 3.9583349584618492, "accuracy": 9.666}, "epoch_2": {"correct_images": 10540, "total_images": 50000, "loss": 3.255966195060164, "accuracy": 21.08}, "epoch_3": {"correct_images": 13255, "total_images": 50000, "loss": 2.9506886051134074, "accuracy": 26.51}, "epoch_4": {"correct_images": 15353, "total_images": 50000, "loss": 2.74923650123884, "accuracy": 30.706}, "epoch_5": {"correct_images": 16727, "total_images": 50000, "loss": 2.6119378517046, "accuracy": 33.454}, "epoch_6": {"correct_images": 17710, "total_images": 50000, "loss": 2.50590746969823, "accuracy": 35.42}, "epoch_7": {"correct_images": 18434, "total_images": 50000, "loss": 2.441083879726927, "accuracy": 36.868}, "epoch_8": {"correct_images": 19087, "total_images": 50000, "loss": 2.3838964404962253, "accuracy": 38.174}, "epoch_9": {"correct_images": 19458, "total_images": 50000, "loss": 2.3394928233093006, "accuracy": 38.916}, "epoch_10": {"correct_images": 19908, "total_images": 50000, "loss": 2.2929858673564003, "accuracy": 39.816}, "epoch_11": {"correct_images": 20296, "total_images": 50000, "loss": 2.2631901283093425, "accuracy": 40.592}, "epoch_12": {"correct_images": 20636, "total_images": 50000, "loss": 2.2341300294832194, "accuracy": 41.272}, "epoch_13": {"correct_images": 21035, "total_images": 50000, "loss": 2.199190866154478, "accuracy": 42.07}, "epoch_14": {"correct_images": 21074, "total_images": 50000, "loss": 2.1773927752928968, "accuracy": 42.148}, "epoch_15": {"correct_images": 21487, "total_images": 50000, "loss": 2.1598410165828206, "accuracy": 42.974}, "epoch_16": {"correct_images": 21669, "total_images": 50000, "loss": 2.1326813152074204, "accuracy": 43.338}, "epoch_17": {"correct_images": 21927, "total_images": 50000, "loss": 2.1164323458891086, "accuracy": 43.854}, "epoch_18": {"correct_images": 22058, "total_images": 50000, "loss": 2.1003086694975948, "accuracy": 44.116}, "epoch_19": {"correct_images": 22177, "total_images": 50000, "loss": 2.088905412217845, "accuracy": 44.354}, "epoch_20": {"correct_images": 22506, "total_images": 50000, "loss": 2.0740382546354135, "accuracy": 45.012}}