{"epoch_1": {"correct_images": 924, "total_images": 5000, "loss": 2.165199613571167, "accuracy": 18.48}, "epoch_2": {"correct_images": 1448, "total_images": 5000, "loss": 1.86847243309021, "accuracy": 28.96}, "epoch_3": {"correct_images": 1762, "total_images": 5000, "loss": 1.7017001509666443, "accuracy": 35.24}, "epoch_4": {"correct_images": 1937, "total_images": 5000, "loss": 1.6147564381361008, "accuracy": 38.74}, "epoch_5": {"correct_images": 2084, "total_images": 5000, "loss": 1.5348271995782852, "accuracy": 41.68}, "epoch_6": {"correct_images": 2268, "total_images": 5000, "loss": 1.4602480590343476, "accuracy": 45.36}, "epoch_7": {"correct_images": 2467, "total_images": 5000, "loss": 1.3610255986452102, "accuracy": 49.34}, "epoch_8": {"correct_images": 2565, "total_images": 5000, "loss": 1.3103291481733321, "accuracy": 51.3}, "epoch_9": {"correct_images": 2738, "total_images": 5000, "loss": 1.22331672757864, "accuracy": 54.76}, "epoch_10": {"correct_images": 2795, "total_images": 5000, "loss": 1.1982359915971756, "accuracy": 55.9}}