{"epoch_1": {"correct_images": 958, "total_images": 5000, "loss": 2.545644714832306, "accuracy": 19.16}, "epoch_2": {"correct_images": 1469, "total_images": 5000, "loss": 1.9945297815799714, "accuracy": 29.38}, "epoch_3": {"correct_images": 1764, "total_images": 5000, "loss": 1.8218072996139527, "accuracy": 35.28}, "epoch_4": {"correct_images": 2014, "total_images": 5000, "loss": 1.6516400073766708, "accuracy": 40.28}, "epoch_5": {"correct_images": 2147, "total_images": 5000, "loss": 1.546553200006485, "accuracy": 42.94}, "epoch_6": {"correct_images": 2331, "total_images": 5000, "loss": 1.4641802097558976, "accuracy": 46.62}, "epoch_7": {"correct_images": 2474, "total_images": 5000, "loss": 1.3926443848609924, "accuracy": 49.48}, "epoch_8": {"correct_images": 2554, "total_images": 5000, "loss": 1.3238625193834306, "accuracy": 51.08}, "epoch_9": {"correct_images": 2725, "total_images": 5000, "loss": 1.2638085753917694, "accuracy": 54.5}, "epoch_10": {"correct_images": 2839, "total_images": 5000, "loss": 1.1796217869520187, "accuracy": 56.78}, "epoch_11": {"correct_images": 2786, "total_images": 5000, "loss": 1.1856035416126252, "accuracy": 55.72}, "epoch_12": {"correct_images": 2960, "total_images": 5000, "loss": 1.0963450510501862, "accuracy": 59.2}, "epoch_13": {"correct_images": 3091, "total_images": 5000, "loss": 1.0414866855740548, "accuracy": 61.82}, "epoch_14": {"correct_images": 3111, "total_images": 5000, "loss": 1.027519201874733, "accuracy": 62.22}, "epoch_15": {"correct_images": 3254, "total_images": 5000, "loss": 0.9460467479228973, "accuracy": 65.08}, "epoch_16": {"correct_images": 3405, "total_images": 5000, "loss": 0.8803163013458252, "accuracy": 68.1}, "epoch_17": {"correct_images": 3492, "total_images": 5000, "loss": 0.8348283750414849, "accuracy": 69.84}, "epoch_18": {"correct_images": 3587, "total_images": 5000, "loss": 0.7639264528006315, "accuracy": 71.74}, "epoch_19": {"correct_images": 3655, "total_images": 5000, "loss": 0.7447212842404842, "accuracy": 73.1}, "epoch_20": {"correct_images": 3751, "total_images": 5000, "loss": 0.7010723136514425, "accuracy": 75.02}}