{"epoch_1": {"correct_images": 1304, "total_images": 5000, "loss": 1.990086363554001, "accuracy": 26.08}, "epoch_2": {"correct_images": 1789, "total_images": 5000, "loss": 1.6609622621536255, "accuracy": 35.78}, "epoch_3": {"correct_images": 2140, "total_images": 5000, "loss": 1.5231859607696534, "accuracy": 42.8}, "epoch_4": {"correct_images": 2382, "total_images": 5000, "loss": 1.401837339758873, "accuracy": 47.64}, "epoch_5": {"correct_images": 2527, "total_images": 5000, "loss": 1.3131847021579743, "accuracy": 50.54}, "epoch_6": {"correct_images": 2656, "total_images": 5000, "loss": 1.2501185865402222, "accuracy": 53.12}, "epoch_7": {"correct_images": 2833, "total_images": 5000, "loss": 1.161527201116085, "accuracy": 56.66}, "epoch_8": {"correct_images": 2974, "total_images": 5000, "loss": 1.0962794946432113, "accuracy": 59.48}, "epoch_9": {"correct_images": 3072, "total_images": 5000, "loss": 1.040252905756235, "accuracy": 61.44}, "epoch_10": {"correct_images": 3211, "total_images": 5000, "loss": 0.9803107450902462, "accuracy": 64.22}, "epoch_11": {"correct_images": 3306, "total_images": 5000, "loss": 0.9299744281172753, "accuracy": 66.12}, "epoch_12": {"correct_images": 3454, "total_images": 5000, "loss": 0.8409105653613805, "accuracy": 69.08}, "epoch_13": {"correct_images": 3457, "total_images": 5000, "loss": 0.8374605952203273, "accuracy": 69.14}, "epoch_14": {"correct_images": 3554, "total_images": 5000, "loss": 0.7847261643707752, "accuracy": 71.08}, "epoch_15": {"correct_images": 3765, "total_images": 5000, "loss": 0.6882779496908188, "accuracy": 75.3}, "epoch_16": {"correct_images": 3783, "total_images": 5000, "loss": 0.6622161128520966, "accuracy": 75.66}, "epoch_17": {"correct_images": 3842, "total_images": 5000, "loss": 0.6266104356199503, "accuracy": 76.84}, "epoch_18": {"correct_images": 3964, "total_images": 5000, "loss": 0.5643612580299378, "accuracy": 79.28}, "epoch_19": {"correct_images": 4072, "total_images": 5000, "loss": 0.5127948798760772, "accuracy": 81.44}, "epoch_20": {"correct_images": 4120, "total_images": 5000, "loss": 0.4731134524568915, "accuracy": 82.4}}