{"epoch_1": {"correct_images": 753, "total_images": 5000, "loss": 3.1859900679769395, "accuracy": 15.06}, "epoch_2": {"correct_images": 1378, "total_images": 5000, "loss": 1.8870023896422567, "accuracy": 27.56}, "epoch_3": {"correct_images": 1831, "total_images": 5000, "loss": 1.68684232084057, "accuracy": 36.62}, "epoch_4": {"correct_images": 2194, "total_images": 5000, "loss": 1.538806266422513, "accuracy": 43.88}, "epoch_5": {"correct_images": 2482, "total_images": 5000, "loss": 1.403068414217309, "accuracy": 49.64}, "epoch_6": {"correct_images": 2771, "total_images": 5000, "loss": 1.2469973247262496, "accuracy": 55.42}, "epoch_7": {"correct_images": 3145, "total_images": 5000, "loss": 1.0306137619139273, "accuracy": 62.9}, "epoch_8": {"correct_images": 3541, "total_images": 5000, "loss": 0.8846778914898257, "accuracy": 70.82}, "epoch_9": {"correct_images": 3686, "total_images": 5000, "loss": 0.7997488869896417, "accuracy": 73.72}, "epoch_10": {"correct_images": 4443, "total_images": 5000, "loss": 0.3838558972259111, "accuracy": 88.86}, "epoch_11": {"correct_images": 4730, "total_images": 5000, "loss": 0.24026473790784425, "accuracy": 94.6}, "epoch_12": {"correct_images": 4811, "total_images": 5000, "loss": 0.16008745162170143, "accuracy": 96.22}, "epoch_13": {"correct_images": 4965, "total_images": 5000, "loss": 0.05299608118219089, "accuracy": 99.3}, "epoch_14": {"correct_images": 4980, "total_images": 5000, "loss": 0.038062864065736154, "accuracy": 99.6}, "epoch_15": {"correct_images": 4998, "total_images": 5000, "loss": 0.014917328040103746, "accuracy": 99.96}, "epoch_16": {"correct_images": 4999, "total_images": 5000, "loss": 0.00743187513626829, "accuracy": 99.98}, "epoch_17": {"correct_images": 5000, "total_images": 5000, "loss": 0.005092011284248172, "accuracy": 100.0}, "epoch_18": {"correct_images": 5000, "total_images": 5000, "loss": 0.0040678251888367194, "accuracy": 100.0}, "epoch_19": {"correct_images": 5000, "total_images": 5000, "loss": 0.003387017157871889, "accuracy": 100.0}, "epoch_20": {"correct_images": 5000, "total_images": 5000, "loss": 0.002843675705386161, "accuracy": 100.0}}