{"epoch_1": {"correct_images": 1253, "total_images": 5000, "loss": 2.214891653060913, "accuracy": 25.06}, "epoch_2": {"correct_images": 1798, "total_images": 5000, "loss": 1.7729612197875977, "accuracy": 35.96}, "epoch_3": {"correct_images": 2046, "total_images": 5000, "loss": 1.6329280954599381, "accuracy": 40.92}, "epoch_4": {"correct_images": 2327, "total_images": 5000, "loss": 1.4470521022081375, "accuracy": 46.54}, "epoch_5": {"correct_images": 2496, "total_images": 5000, "loss": 1.383759494304657, "accuracy": 49.92}, "epoch_6": {"correct_images": 2630, "total_images": 5000, "loss": 1.299255059480667, "accuracy": 52.6}, "epoch_7": {"correct_images": 2815, "total_images": 5000, "loss": 1.20704044342041, "accuracy": 56.3}, "epoch_8": {"correct_images": 2863, "total_images": 5000, "loss": 1.1496403931975365, "accuracy": 57.26}, "epoch_9": {"correct_images": 3009, "total_images": 5000, "loss": 1.100604220032692, "accuracy": 60.18}, "epoch_10": {"correct_images": 3144, "total_images": 5000, "loss": 1.0184109394550322, "accuracy": 62.88}, "epoch_11": {"correct_images": 3254, "total_images": 5000, "loss": 0.9781805673837661, "accuracy": 65.08}, "epoch_12": {"correct_images": 3363, "total_images": 5000, "loss": 0.887835557192564, "accuracy": 67.26}, "epoch_13": {"correct_images": 3423, "total_images": 5000, "loss": 0.8729131726324558, "accuracy": 68.46}, "epoch_14": {"correct_images": 3574, "total_images": 5000, "loss": 0.7807620050013065, "accuracy": 71.48}, "epoch_15": {"correct_images": 3727, "total_images": 5000, "loss": 0.7016925705671311, "accuracy": 74.54}, "epoch_16": {"correct_images": 3756, "total_images": 5000, "loss": 0.689644492983818, "accuracy": 75.12}, "epoch_17": {"correct_images": 3908, "total_images": 5000, "loss": 0.6076907269954681, "accuracy": 78.16}, "epoch_18": {"correct_images": 3960, "total_images": 5000, "loss": 0.5820567928701639, "accuracy": 79.2}, "epoch_19": {"correct_images": 4154, "total_images": 5000, "loss": 0.4818019873574376, "accuracy": 83.08}, "epoch_20": {"correct_images": 4256, "total_images": 5000, "loss": 0.43694635812938215, "accuracy": 85.12}}