{"epoch_1": {"correct_images": 1141, "total_images": 5000, "loss": 2.1310435654241826, "accuracy": 22.82}, "epoch_2": {"correct_images": 1657, "total_images": 5000, "loss": 1.7604788134369669, "accuracy": 33.14}, "epoch_3": {"correct_images": 2001, "total_images": 5000, "loss": 1.5924545813210402, "accuracy": 40.02}, "epoch_4": {"correct_images": 2329, "total_images": 5000, "loss": 1.4407868475853642, "accuracy": 46.58}, "epoch_5": {"correct_images": 2599, "total_images": 5000, "loss": 1.3132711467863638, "accuracy": 51.98}, "epoch_6": {"correct_images": 2826, "total_images": 5000, "loss": 1.1931875823419305, "accuracy": 56.52}, "epoch_7": {"correct_images": 3167, "total_images": 5000, "loss": 1.0326800595355938, "accuracy": 63.34}, "epoch_8": {"correct_images": 3459, "total_images": 5000, "loss": 0.8759702308268487, "accuracy": 69.18}, "epoch_9": {"correct_images": 3760, "total_images": 5000, "loss": 0.7265646789647355, "accuracy": 75.2}, "epoch_10": {"correct_images": 4020, "total_images": 5000, "loss": 0.586587589752825, "accuracy": 80.4}, "epoch_11": {"correct_images": 4249, "total_images": 5000, "loss": 0.4705663742143897, "accuracy": 84.98}, "epoch_12": {"correct_images": 4509, "total_images": 5000, "loss": 0.33112013434307486, "accuracy": 90.18}, "epoch_13": {"correct_images": 4766, "total_images": 5000, "loss": 0.2177394476683834, "accuracy": 95.32}, "epoch_14": {"correct_images": 4817, "total_images": 5000, "loss": 0.18228179239962675, "accuracy": 96.34}, "epoch_15": {"correct_images": 4860, "total_images": 5000, "loss": 0.13673439098498488, "accuracy": 97.2}, "epoch_16": {"correct_images": 4990, "total_images": 5000, "loss": 0.04084278914275803, "accuracy": 99.8}, "epoch_17": {"correct_images": 4999, "total_images": 5000, "loss": 0.020410876391054707, "accuracy": 99.98}, "epoch_18": {"correct_images": 5000, "total_images": 5000, "loss": 0.012642607776613175, "accuracy": 100.0}, "epoch_19": {"correct_images": 5000, "total_images": 5000, "loss": 0.008956651380167732, "accuracy": 100.0}, "epoch_20": {"correct_images": 5000, "total_images": 5000, "loss": 0.007239892306631502, "accuracy": 100.0}}