{"epoch_1": {"correct_images": 918, "total_images": 5000, "loss": 3.46862109708786, "accuracy": 18.36}, "epoch_2": {"correct_images": 1291, "total_images": 5000, "loss": 1.946031712770462, "accuracy": 25.82}, "epoch_3": {"correct_images": 1451, "total_images": 5000, "loss": 1.8453550710678102, "accuracy": 29.02}, "epoch_4": {"correct_images": 1652, "total_images": 5000, "loss": 1.7840336756706239, "accuracy": 33.04}, "epoch_5": {"correct_images": 1712, "total_images": 5000, "loss": 1.7393367955684662, "accuracy": 34.24}, "epoch_6": {"correct_images": 1740, "total_images": 5000, "loss": 1.7229940365552903, "accuracy": 34.8}, "epoch_7": {"correct_images": 1744, "total_images": 5000, "loss": 1.7144176449775697, "accuracy": 34.88}, "epoch_8": {"correct_images": 1813, "total_images": 5000, "loss": 1.6888532812595367, "accuracy": 36.26}, "epoch_9": {"correct_images": 1859, "total_images": 5000, "loss": 1.656307957649231, "accuracy": 37.18}, "epoch_10": {"correct_images": 1873, "total_images": 5000, "loss": 1.6417717608213425, "accuracy": 37.46}, "epoch_11": {"correct_images": 1958, "total_images": 5000, "loss": 1.6256525110006332, "accuracy": 39.16}, "epoch_12": {"correct_images": 1917, "total_images": 5000, "loss": 1.6386470812559129, "accuracy": 38.34}, "epoch_13": {"correct_images": 1950, "total_images": 5000, "loss": 1.6004743355512618, "accuracy": 39.0}, "epoch_14": {"correct_images": 1915, "total_images": 5000, "loss": 1.6130460906028747, "accuracy": 38.3}, "epoch_15": {"correct_images": 1887, "total_images": 5000, "loss": 1.627282988548279, "accuracy": 37.74}, "epoch_16": {"correct_images": 1963, "total_images": 5000, "loss": 1.6232801913022994, "accuracy": 39.26}, "epoch_17": {"correct_images": 1950, "total_images": 5000, "loss": 1.62091943860054, "accuracy": 39.0}, "epoch_18": {"correct_images": 1990, "total_images": 5000, "loss": 1.578926484465599, "accuracy": 39.8}, "epoch_19": {"correct_images": 1995, "total_images": 5000, "loss": 1.5701490094661712, "accuracy": 39.9}, "epoch_20": {"correct_images": 2056, "total_images": 5000, "loss": 1.5766899406909942, "accuracy": 41.12}}