{"epoch_1": {"correct_images": 1078, "total_images": 5000, "loss": 3.439225769042969, "accuracy": 21.56}, "epoch_2": {"correct_images": 1658, "total_images": 5000, "loss": 1.828330436348915, "accuracy": 33.16}, "epoch_3": {"correct_images": 1907, "total_images": 5000, "loss": 1.681563150882721, "accuracy": 38.14}, "epoch_4": {"correct_images": 2108, "total_images": 5000, "loss": 1.5894847244024277, "accuracy": 42.16}, "epoch_5": {"correct_images": 2236, "total_images": 5000, "loss": 1.4960484117269517, "accuracy": 44.72}, "epoch_6": {"correct_images": 2340, "total_images": 5000, "loss": 1.4371881097555161, "accuracy": 46.8}, "epoch_7": {"correct_images": 2555, "total_images": 5000, "loss": 1.320424410700798, "accuracy": 51.1}, "epoch_8": {"correct_images": 2656, "total_images": 5000, "loss": 1.2575087666511535, "accuracy": 53.12}, "epoch_9": {"correct_images": 2902, "total_images": 5000, "loss": 1.1777060478925705, "accuracy": 58.04}, "epoch_10": {"correct_images": 2976, "total_images": 5000, "loss": 1.12327571362257, "accuracy": 59.52}}