{"epoch_1": {"correct_images": 761, "total_images": 5000, "loss": 4.347530615329743, "accuracy": 15.22}, "epoch_2": {"correct_images": 1307, "total_images": 5000, "loss": 2.0145387411117555, "accuracy": 26.14}, "epoch_3": {"correct_images": 1630, "total_images": 5000, "loss": 1.8043153136968613, "accuracy": 32.6}, "epoch_4": {"correct_images": 1717, "total_images": 5000, "loss": 1.7792751610279083, "accuracy": 34.34}, "epoch_5": {"correct_images": 1859, "total_images": 5000, "loss": 1.6979777991771698, "accuracy": 37.18}, "epoch_6": {"correct_images": 1856, "total_images": 5000, "loss": 1.701074168086052, "accuracy": 37.12}, "epoch_7": {"correct_images": 2010, "total_images": 5000, "loss": 1.6011732757091521, "accuracy": 40.2}, "epoch_8": {"correct_images": 2100, "total_images": 5000, "loss": 1.5899380594491959, "accuracy": 42.0}, "epoch_9": {"correct_images": 2187, "total_images": 5000, "loss": 1.5344382524490356, "accuracy": 43.74}, "epoch_10": {"correct_images": 2349, "total_images": 5000, "loss": 1.4370648086071014, "accuracy": 46.98}}