{"epoch_1": {"correct_images": 967, "total_images": 5000, "loss": 2.715274094104767, "accuracy": 19.34}, "epoch_2": {"correct_images": 1492, "total_images": 5000, "loss": 2.0400259659290314, "accuracy": 29.84}, "epoch_3": {"correct_images": 1698, "total_images": 5000, "loss": 1.7861648911237717, "accuracy": 33.96}, "epoch_4": {"correct_images": 2021, "total_images": 5000, "loss": 1.635532695055008, "accuracy": 40.42}, "epoch_5": {"correct_images": 2147, "total_images": 5000, "loss": 1.5582563945055008, "accuracy": 42.94}, "epoch_6": {"correct_images": 2238, "total_images": 5000, "loss": 1.461436576128006, "accuracy": 44.76}, "epoch_7": {"correct_images": 2395, "total_images": 5000, "loss": 1.4293742220401764, "accuracy": 47.9}, "epoch_8": {"correct_images": 2496, "total_images": 5000, "loss": 1.3427671189308166, "accuracy": 49.92}, "epoch_9": {"correct_images": 2589, "total_images": 5000, "loss": 1.3008455417752265, "accuracy": 51.78}, "epoch_10": {"correct_images": 2697, "total_images": 5000, "loss": 1.2588821287751197, "accuracy": 53.94}, "epoch_11": {"correct_images": 2819, "total_images": 5000, "loss": 1.2030347504019738, "accuracy": 56.38}, "epoch_12": {"correct_images": 2890, "total_images": 5000, "loss": 1.1536261538863182, "accuracy": 57.8}, "epoch_13": {"correct_images": 2963, "total_images": 5000, "loss": 1.10505230396986, "accuracy": 59.26}, "epoch_14": {"correct_images": 3043, "total_images": 5000, "loss": 1.0667439378499985, "accuracy": 60.86}, "epoch_15": {"correct_images": 3193, "total_images": 5000, "loss": 1.002447034418583, "accuracy": 63.86}, "epoch_16": {"correct_images": 3251, "total_images": 5000, "loss": 0.9576395969986916, "accuracy": 65.02}, "epoch_17": {"correct_images": 3400, "total_images": 5000, "loss": 0.8894433971047402, "accuracy": 68.0}, "epoch_18": {"correct_images": 3373, "total_images": 5000, "loss": 0.882233751475811, "accuracy": 67.46}, "epoch_19": {"correct_images": 3532, "total_images": 5000, "loss": 0.8121986825466156, "accuracy": 70.64}, "epoch_20": {"correct_images": 3576, "total_images": 5000, "loss": 0.7738159383535386, "accuracy": 71.52}}