{"epoch_1": {"correct_images": 4677, "total_images": 100000, "loss": 4.956978949761391, "accuracy": 4.677}, "epoch_2": {"correct_images": 13851, "total_images": 100000, "loss": 4.049618572545052, "accuracy": 13.851}, "epoch_3": {"correct_images": 19328, "total_images": 100000, "loss": 3.6817579532265663, "accuracy": 19.328}, "epoch_4": {"correct_images": 22791, "total_images": 100000, "loss": 3.4636719802021982, "accuracy": 22.791}, "epoch_5": {"correct_images": 25421, "total_images": 100000, "loss": 3.3074878973245623, "accuracy": 25.421}, "epoch_6": {"correct_images": 27502, "total_images": 100000, "loss": 3.189161267244816, "accuracy": 27.502}, "epoch_7": {"correct_images": 29287, "total_images": 100000, "loss": 3.093927303981781, "accuracy": 29.287}, "epoch_8": {"correct_images": 30745, "total_images": 100000, "loss": 3.013692630457878, "accuracy": 30.745}, "epoch_9": {"correct_images": 32374, "total_images": 100000, "loss": 2.936641938829422, "accuracy": 32.374}, "epoch_10": {"correct_images": 33304, "total_images": 100000, "loss": 2.876760280108452, "accuracy": 33.304}}