{"epoch_1": {"correct_images": 859, "total_images": 100000, "loss": 5.42734513630867, "accuracy": 0.859}, "epoch_2": {"correct_images": 958, "total_images": 100000, "loss": 5.234461094236374, "accuracy": 0.958}, "epoch_3": {"correct_images": 991, "total_images": 100000, "loss": 5.22588685092926, "accuracy": 0.991}, "epoch_4": {"correct_images": 973, "total_images": 100000, "loss": 5.224037058019638, "accuracy": 0.973}, "epoch_5": {"correct_images": 929, "total_images": 100000, "loss": 5.225237778615951, "accuracy": 0.929}, "epoch_6": {"correct_images": 848, "total_images": 100000, "loss": 5.225651556682586, "accuracy": 0.848}, "epoch_7": {"correct_images": 891, "total_images": 100000, "loss": 5.225825876951218, "accuracy": 0.891}, "epoch_8": {"correct_images": 880, "total_images": 100000, "loss": 5.224864047861099, "accuracy": 0.88}, "epoch_9": {"correct_images": 998, "total_images": 100000, "loss": 5.233665558385849, "accuracy": 0.998}, "epoch_10": {"correct_images": 906, "total_images": 100000, "loss": 5.224646179676056, "accuracy": 0.906}}