{"epoch_1": {"correct_images": 3676, "total_images": 100000, "loss": 4.966840626563465, "accuracy": 3.676}, "epoch_2": {"correct_images": 9310, "total_images": 100000, "loss": 4.4303925804655595, "accuracy": 9.31}, "epoch_3": {"correct_images": 12849, "total_images": 100000, "loss": 4.173412939408461, "accuracy": 12.849}, "epoch_4": {"correct_images": 15570, "total_images": 100000, "loss": 3.971863314499858, "accuracy": 15.57}, "epoch_5": {"correct_images": 18126, "total_images": 100000, "loss": 3.8003666559550067, "accuracy": 18.126}, "epoch_6": {"correct_images": 20412, "total_images": 100000, "loss": 3.659089718578873, "accuracy": 20.412}, "epoch_7": {"correct_images": 22278, "total_images": 100000, "loss": 3.529997126993581, "accuracy": 22.278}, "epoch_8": {"correct_images": 23927, "total_images": 100000, "loss": 3.4234916024381965, "accuracy": 23.927}, "epoch_9": {"correct_images": 25811, "total_images": 100000, "loss": 3.3133058981184615, "accuracy": 25.811}, "epoch_10": {"correct_images": 27229, "total_images": 100000, "loss": 3.2258564496909816, "accuracy": 27.229}}