{"epoch_1": {"correct_images": 3826, "total_images": 100000, "loss": 5.000766523816383, "accuracy": 3.826}, "epoch_2": {"correct_images": 9529, "total_images": 100000, "loss": 4.428653756243559, "accuracy": 9.529}, "epoch_3": {"correct_images": 12361, "total_images": 100000, "loss": 4.416208191094914, "accuracy": 12.361}, "epoch_4": {"correct_images": 15197, "total_images": 100000, "loss": 4.0253330270067975, "accuracy": 15.197}, "epoch_5": {"correct_images": 16580, "total_images": 100000, "loss": 3.920293381026519, "accuracy": 16.58}, "epoch_6": {"correct_images": 17925, "total_images": 100000, "loss": 3.838490796867122, "accuracy": 17.925}, "epoch_7": {"correct_images": 19071, "total_images": 100000, "loss": 3.7687497970315027, "accuracy": 19.071}, "epoch_8": {"correct_images": 19864, "total_images": 100000, "loss": 3.7074399154611832, "accuracy": 19.864}, "epoch_9": {"correct_images": 20708, "total_images": 100000, "loss": 3.66339660178982, "accuracy": 20.708}, "epoch_10": {"correct_images": 21335, "total_images": 100000, "loss": 3.620230183872899, "accuracy": 21.335}}