{"epoch_1": {"correct_images": 4230, "total_images": 100000, "loss": 4.9709326562643055, "accuracy": 4.23}, "epoch_2": {"correct_images": 7927, "total_images": 100000, "loss": 4.551370060539246, "accuracy": 7.927}, "epoch_3": {"correct_images": 10078, "total_images": 100000, "loss": 4.369430111789703, "accuracy": 10.078}, "epoch_4": {"correct_images": 11316, "total_images": 100000, "loss": 4.264048327898979, "accuracy": 11.316}, "epoch_5": {"correct_images": 12176, "total_images": 100000, "loss": 4.185064757514, "accuracy": 12.176}, "epoch_6": {"correct_images": 12830, "total_images": 100000, "loss": 4.13506048066616, "accuracy": 12.83}, "epoch_7": {"correct_images": 13358, "total_images": 100000, "loss": 4.093692223060131, "accuracy": 13.358}, "epoch_8": {"correct_images": 13679, "total_images": 100000, "loss": 4.070297926616669, "accuracy": 13.679}, "epoch_9": {"correct_images": 13784, "total_images": 100000, "loss": 4.048874502253533, "accuracy": 13.784}, "epoch_10": {"correct_images": 14229, "total_images": 100000, "loss": 4.029312026357651, "accuracy": 14.229}}