{"epoch_1": {"correct_images": 7112, "total_images": 100000, "loss": 4.623642652225494, "accuracy": 7.112}, "epoch_2": {"correct_images": 14078, "total_images": 100000, "loss": 4.0474520610332485, "accuracy": 14.078}, "epoch_3": {"correct_images": 16952, "total_images": 100000, "loss": 3.8568100828409193, "accuracy": 16.952}, "epoch_4": {"correct_images": 18621, "total_images": 100000, "loss": 3.74297938849926, "accuracy": 18.621}, "epoch_5": {"correct_images": 19878, "total_images": 100000, "loss": 3.6677063999295236, "accuracy": 19.878}, "epoch_6": {"correct_images": 20804, "total_images": 100000, "loss": 3.615174044084549, "accuracy": 20.804}, "epoch_7": {"correct_images": 21450, "total_images": 100000, "loss": 3.5723996636629103, "accuracy": 21.45}, "epoch_8": {"correct_images": 21806, "total_images": 100000, "loss": 3.548740785753727, "accuracy": 21.806}, "epoch_9": {"correct_images": 22227, "total_images": 100000, "loss": 3.5188284140706063, "accuracy": 22.227}, "epoch_10": {"correct_images": 22435, "total_images": 100000, "loss": 3.4977265585422517, "accuracy": 22.435}}