{"epoch_1": {"correct_images": 4565, "total_images": 100000, "loss": 4.937674299216271, "accuracy": 4.565}, "epoch_2": {"correct_images": 11036, "total_images": 100000, "loss": 4.302002225255966, "accuracy": 11.036}, "epoch_3": {"correct_images": 14872, "total_images": 100000, "loss": 4.002360428738594, "accuracy": 14.872}, "epoch_4": {"correct_images": 17240, "total_images": 100000, "loss": 3.8423511177539824, "accuracy": 17.24}, "epoch_5": {"correct_images": 18712, "total_images": 100000, "loss": 3.733872107887268, "accuracy": 18.712}, "epoch_6": {"correct_images": 19808, "total_images": 100000, "loss": 3.6640566486477852, "accuracy": 19.808}, "epoch_7": {"correct_images": 20626, "total_images": 100000, "loss": 3.605127901804447, "accuracy": 20.626}, "epoch_8": {"correct_images": 21235, "total_images": 100000, "loss": 3.5681786003112794, "accuracy": 21.235}, "epoch_9": {"correct_images": 22048, "total_images": 100000, "loss": 3.525040739428997, "accuracy": 22.048}, "epoch_10": {"correct_images": 22409, "total_images": 100000, "loss": 3.496071627020836, "accuracy": 22.409}}