{"epoch_1": {"correct_images": 885, "total_images": 5000, "loss": 177.90261828899384}, "epoch_2": {"correct_images": 1324, "total_images": 5000, "loss": 151.63337457180023}, "epoch_3": {"correct_images": 1493, "total_images": 5000, "loss": 144.7325290441513}, "epoch_4": {"correct_images": 1603, "total_images": 5000, "loss": 141.2034443616867}, "epoch_5": {"correct_images": 1785, "total_images": 5000, "loss": 135.21442341804504}, "epoch_6": {"correct_images": 1889, "total_images": 5000, "loss": 130.89677500724792}, "epoch_7": {"correct_images": 1976, "total_images": 5000, "loss": 126.96693623065948}, "epoch_8": {"correct_images": 2025, "total_images": 5000, "loss": 124.14298343658447}, "epoch_9": {"correct_images": 2171, "total_images": 5000, "loss": 121.32310700416565}, "epoch_10": {"correct_images": 2197, "total_images": 5000, "loss": 120.34809851646423}, "epoch_11": {"correct_images": 2250, "total_images": 5000, "loss": 117.24916231632233}, "epoch_12": {"correct_images": 2253, "total_images": 5000, "loss": 116.67369341850281}, "epoch_13": {"correct_images": 2339, "total_images": 5000, "loss": 112.99526143074036}, "epoch_14": {"correct_images": 2396, "total_images": 5000, "loss": 113.4519202709198}, "epoch_15": {"correct_images": 2345, "total_images": 5000, "loss": 111.92325973510742}, "epoch_16": {"correct_images": 2315, "total_images": 5000, "loss": 113.81147265434265}, "epoch_17": {"correct_images": 2357, "total_images": 5000, "loss": 110.95029091835022}, "epoch_18": {"correct_images": 2428, "total_images": 5000, "loss": 109.76873022317886}, "epoch_19": {"correct_images": 2512, "total_images": 5000, "loss": 107.08136856555939}, "epoch_20": {"correct_images": 2515, "total_images": 5000, "loss": 104.81816923618317}}