{"epoch_1": {"correct_images": 3322, "total_images": 100000, "loss": 7742.363900184631}, "epoch_2": {"correct_images": 7196, "total_images": 100000, "loss": 7120.4096755981445}, "epoch_3": {"correct_images": 8649, "total_images": 100000, "loss": 6920.105742692947}, "epoch_4": {"correct_images": 9888, "total_images": 100000, "loss": 6774.640563488007}, "epoch_5": {"correct_images": 10477, "total_images": 100000, "loss": 6708.459970235825}, "epoch_6": {"correct_images": 11040, "total_images": 100000, "loss": 6634.567849159241}, "epoch_7": {"correct_images": 11608, "total_images": 100000, "loss": 6560.389512062073}, "epoch_8": {"correct_images": 11935, "total_images": 100000, "loss": 6529.1873235702515}, "epoch_9": {"correct_images": 12271, "total_images": 100000, "loss": 6491.275870800018}, "epoch_10": {"correct_images": 12533, "total_images": 100000, "loss": 6467.149799823761}}