{"epoch_1": {"correct_images": 2908, "total_images": 50000, "loss": 3283.0338804721832}, "epoch_2": {"correct_images": 6138, "total_images": 50000, "loss": 2936.993678331375}, "epoch_3": {"correct_images": 7363, "total_images": 50000, "loss": 2827.555058002472}, "epoch_4": {"correct_images": 8291, "total_images": 50000, "loss": 2742.2035763263702}, "epoch_5": {"correct_images": 9038, "total_images": 50000, "loss": 2678.8129773139954}, "epoch_6": {"correct_images": 9656, "total_images": 50000, "loss": 2629.2135326862335}, "epoch_7": {"correct_images": 9694, "total_images": 50000, "loss": 2608.4327030181885}, "epoch_8": {"correct_images": 10225, "total_images": 50000, "loss": 2560.7861449718475}, "epoch_9": {"correct_images": 10385, "total_images": 50000, "loss": 2544.5231359004974}, "epoch_10": {"correct_images": 10842, "total_images": 50000, "loss": 2511.1307504177094}, "epoch_11": {"correct_images": 11336, "total_images": 50000, "loss": 2482.4679794311523}, "epoch_12": {"correct_images": 11676, "total_images": 50000, "loss": 2442.204371213913}, "epoch_13": {"correct_images": 11776, "total_images": 50000, "loss": 2436.650028705597}, "epoch_14": {"correct_images": 11580, "total_images": 50000, "loss": 2448.353571653366}, "epoch_15": {"correct_images": 12280, "total_images": 50000, "loss": 2397.881704568863}, "epoch_16": {"correct_images": 12147, "total_images": 50000, "loss": 2398.6216616630554}, "epoch_17": {"correct_images": 12643, "total_images": 50000, "loss": 2376.0747821331024}, "epoch_18": {"correct_images": 12581, "total_images": 50000, "loss": 2375.7307522296906}, "epoch_19": {"correct_images": 12783, "total_images": 50000, "loss": 2346.5728199481964}, "epoch_20": {"correct_images": 12952, "total_images": 50000, "loss": 2320.6222767829895}}