{"epoch_1": {"correct_images": 710, "total_images": 5000, "loss": 183.92482006549835}, "epoch_2": {"correct_images": 1210, "total_images": 5000, "loss": 156.49476563930511}, "epoch_3": {"correct_images": 1364, "total_images": 5000, "loss": 149.4318333864212}, "epoch_4": {"correct_images": 1530, "total_images": 5000, "loss": 143.90619671344757}, "epoch_5": {"correct_images": 1685, "total_images": 5000, "loss": 137.8566973209381}, "epoch_6": {"correct_images": 1780, "total_images": 5000, "loss": 134.61489343643188}, "epoch_7": {"correct_images": 1840, "total_images": 5000, "loss": 131.76456594467163}, "epoch_8": {"correct_images": 1897, "total_images": 5000, "loss": 129.75664937496185}, "epoch_9": {"correct_images": 1904, "total_images": 5000, "loss": 128.43542504310608}, "epoch_10": {"correct_images": 2018, "total_images": 5000, "loss": 126.02442848682404}, "epoch_11": {"correct_images": 2048, "total_images": 5000, "loss": 124.08289504051208}, "epoch_12": {"correct_images": 2112, "total_images": 5000, "loss": 121.9364664554596}, "epoch_13": {"correct_images": 2138, "total_images": 5000, "loss": 121.47539699077606}, "epoch_14": {"correct_images": 2101, "total_images": 5000, "loss": 121.58027398586273}, "epoch_15": {"correct_images": 2128, "total_images": 5000, "loss": 120.8512818813324}, "epoch_16": {"correct_images": 2128, "total_images": 5000, "loss": 120.55075562000275}, "epoch_17": {"correct_images": 2128, "total_images": 5000, "loss": 119.98401951789856}, "epoch_18": {"correct_images": 2185, "total_images": 5000, "loss": 119.95432043075562}, "epoch_19": {"correct_images": 2115, "total_images": 5000, "loss": 124.05753147602081}, "epoch_20": {"correct_images": 2241, "total_images": 5000, "loss": 117.03751647472382}}