{"epoch_1": {"correct_images": 617, "total_images": 5000, "loss": 188.5415756702423}, "epoch_2": {"correct_images": 1236, "total_images": 5000, "loss": 158.11718356609344}, "epoch_3": {"correct_images": 1502, "total_images": 5000, "loss": 145.30713164806366}, "epoch_4": {"correct_images": 1611, "total_images": 5000, "loss": 140.51854121685028}, "epoch_5": {"correct_images": 1721, "total_images": 5000, "loss": 137.01826405525208}, "epoch_6": {"correct_images": 1770, "total_images": 5000, "loss": 134.03366100788116}, "epoch_7": {"correct_images": 1933, "total_images": 5000, "loss": 129.0346803665161}, "epoch_8": {"correct_images": 1994, "total_images": 5000, "loss": 126.16972374916077}, "epoch_9": {"correct_images": 1977, "total_images": 5000, "loss": 126.63858604431152}, "epoch_10": {"correct_images": 2039, "total_images": 5000, "loss": 125.0117290019989}, "epoch_11": {"correct_images": 2173, "total_images": 5000, "loss": 119.86870121955872}, "epoch_12": {"correct_images": 2179, "total_images": 5000, "loss": 118.445720911026}, "epoch_13": {"correct_images": 2276, "total_images": 5000, "loss": 114.69788801670074}, "epoch_14": {"correct_images": 2229, "total_images": 5000, "loss": 118.03977930545807}, "epoch_15": {"correct_images": 2338, "total_images": 5000, "loss": 114.10496282577515}, "epoch_16": {"correct_images": 2375, "total_images": 5000, "loss": 112.85795557498932}, "epoch_17": {"correct_images": 2412, "total_images": 5000, "loss": 110.35175228118896}, "epoch_18": {"correct_images": 2465, "total_images": 5000, "loss": 107.9181889295578}, "epoch_19": {"correct_images": 2264, "total_images": 5000, "loss": 117.13819479942322}, "epoch_20": {"correct_images": 2328, "total_images": 5000, "loss": 112.48674094676971}}