{"epoch_1": {"correct_images": 545, "total_images": 5000, "loss": 188.82593750953674}, "epoch_2": {"correct_images": 706, "total_images": 5000, "loss": 179.93218541145325}, "epoch_3": {"correct_images": 766, "total_images": 5000, "loss": 178.15296745300293}, "epoch_4": {"correct_images": 740, "total_images": 5000, "loss": 178.51277875900269}, "epoch_5": {"correct_images": 782, "total_images": 5000, "loss": 176.86610221862793}, "epoch_6": {"correct_images": 771, "total_images": 5000, "loss": 176.1308135986328}, "epoch_7": {"correct_images": 764, "total_images": 5000, "loss": 176.90931916236877}, "epoch_8": {"correct_images": 783, "total_images": 5000, "loss": 175.3826184272766}, "epoch_9": {"correct_images": 778, "total_images": 5000, "loss": 175.22740244865417}, "epoch_10": {"correct_images": 747, "total_images": 5000, "loss": 176.18130660057068}, "epoch_11": {"correct_images": 728, "total_images": 5000, "loss": 177.418842792511}, "epoch_12": {"correct_images": 778, "total_images": 5000, "loss": 175.89304876327515}, "epoch_13": {"correct_images": 722, "total_images": 5000, "loss": 177.25025629997253}, "epoch_14": {"correct_images": 818, "total_images": 5000, "loss": 175.31803178787231}, "epoch_15": {"correct_images": 764, "total_images": 5000, "loss": 176.07251620292664}, "epoch_16": {"correct_images": 788, "total_images": 5000, "loss": 176.03513264656067}, "epoch_17": {"correct_images": 801, "total_images": 5000, "loss": 175.85770726203918}, "epoch_18": {"correct_images": 800, "total_images": 5000, "loss": 176.3073204755783}, "epoch_19": {"correct_images": 720, "total_images": 5000, "loss": 179.437917470932}, "epoch_20": {"correct_images": 696, "total_images": 5000, "loss": 178.25853943824768}}