{"epoch_1": {"correct_images": 3641, "total_images": 100000, "loss": 7696.919961929321}, "epoch_2": {"correct_images": 7922, "total_images": 100000, "loss": 7039.535502672195}, "epoch_3": {"correct_images": 10061, "total_images": 100000, "loss": 6774.3497812747955}, "epoch_4": {"correct_images": 11371, "total_images": 100000, "loss": 6612.843688249588}, "epoch_5": {"correct_images": 12516, "total_images": 100000, "loss": 6476.335003852844}, "epoch_6": {"correct_images": 13267, "total_images": 100000, "loss": 6383.3095462322235}, "epoch_7": {"correct_images": 13587, "total_images": 100000, "loss": 6368.845841407776}, "epoch_8": {"correct_images": 13715, "total_images": 100000, "loss": 6355.468775272369}, "epoch_9": {"correct_images": 14433, "total_images": 100000, "loss": 6275.527928829193}, "epoch_10": {"correct_images": 15231, "total_images": 100000, "loss": 6194.02138876915}}