{"epoch_1": {"correct_images": 479, "total_images": 100000, "loss": 8348.872641563416}, "epoch_2": {"correct_images": 521, "total_images": 100000, "loss": 8292.794631958008}, "epoch_3": {"correct_images": 636, "total_images": 100000, "loss": 8258.009141921997}, "epoch_4": {"correct_images": 675, "total_images": 100000, "loss": 8256.493942260742}, "epoch_5": {"correct_images": 624, "total_images": 100000, "loss": 8273.228490829468}, "epoch_6": {"correct_images": 626, "total_images": 100000, "loss": 8274.86015033722}, "epoch_7": {"correct_images": 607, "total_images": 100000, "loss": 8274.59557723999}, "epoch_8": {"correct_images": 621, "total_images": 100000, "loss": 8268.748414516449}, "epoch_9": {"correct_images": 724, "total_images": 100000, "loss": 8253.0177359581}, "epoch_10": {"correct_images": 669, "total_images": 100000, "loss": 8259.317299842834}}