{"epoch_1": {"correct_images": 2127, "total_images": 50000, "loss": 3375.341626405716}, "epoch_2": {"correct_images": 2286, "total_images": 50000, "loss": 3342.99369764328}, "epoch_3": {"correct_images": 2557, "total_images": 50000, "loss": 3302.6350660324097}, "epoch_4": {"correct_images": 2797, "total_images": 50000, "loss": 3275.736597061157}, "epoch_5": {"correct_images": 1630, "total_images": 50000, "loss": 3440.1935138702393}, "epoch_6": {"correct_images": 1721, "total_images": 50000, "loss": 3404.862009048462}, "epoch_7": {"correct_images": 2098, "total_images": 50000, "loss": 3347.246471643448}, "epoch_8": {"correct_images": 1881, "total_images": 50000, "loss": 3410.180827140808}, "epoch_9": {"correct_images": 1037, "total_images": 50000, "loss": 3544.1065950393677}, "epoch_10": {"correct_images": 1414, "total_images": 50000, "loss": 3467.4752173423767}, "epoch_11": {"correct_images": 1625, "total_images": 50000, "loss": 3409.6073751449585}, "epoch_12": {"correct_images": 1851, "total_images": 50000, "loss": 3390.7789607048035}, "epoch_13": {"correct_images": 1633, "total_images": 50000, "loss": 3414.6672534942627}, "epoch_14": {"correct_images": 1533, "total_images": 50000, "loss": 3456.6214265823364}, "epoch_15": {"correct_images": 1855, "total_images": 50000, "loss": 3404.602110862732}, "epoch_16": {"correct_images": 1813, "total_images": 50000, "loss": 3390.3267464637756}, "epoch_17": {"correct_images": 1736, "total_images": 50000, "loss": 3417.8699288368225}, "epoch_18": {"correct_images": 1838, "total_images": 50000, "loss": 3384.8557448387146}, "epoch_19": {"correct_images": 1964, "total_images": 50000, "loss": 3373.202172279358}, "epoch_20": {"correct_images": 1811, "total_images": 50000, "loss": 3389.7534914016724}}