{"epoch_1": {"correct_images": 3407, "total_images": 50000, "loss": 3235.733000278473}, "epoch_2": {"correct_images": 7150, "total_images": 50000, "loss": 2848.560950756073}, "epoch_3": {"correct_images": 8902, "total_images": 50000, "loss": 2690.6470909118652}, "epoch_4": {"correct_images": 10234, "total_images": 50000, "loss": 2570.1941640377045}, "epoch_5": {"correct_images": 11487, "total_images": 50000, "loss": 2475.1949813365936}, "epoch_6": {"correct_images": 11804, "total_images": 50000, "loss": 2433.3374211788177}, "epoch_7": {"correct_images": 12541, "total_images": 50000, "loss": 2369.811598300934}, "epoch_8": {"correct_images": 13306, "total_images": 50000, "loss": 2306.977433681488}, "epoch_9": {"correct_images": 14099, "total_images": 50000, "loss": 2245.418245792389}, "epoch_10": {"correct_images": 14404, "total_images": 50000, "loss": 2216.0245337486267}, "epoch_11": {"correct_images": 15121, "total_images": 50000, "loss": 2166.0108160972595}, "epoch_12": {"correct_images": 15965, "total_images": 50000, "loss": 2099.545997977257}, "epoch_13": {"correct_images": 16012, "total_images": 50000, "loss": 2089.459762096405}, "epoch_14": {"correct_images": 16669, "total_images": 50000, "loss": 2035.9116878509521}, "epoch_15": {"correct_images": 17108, "total_images": 50000, "loss": 2004.756907582283}, "epoch_16": {"correct_images": 17237, "total_images": 50000, "loss": 1991.9687387943268}, "epoch_17": {"correct_images": 18434, "total_images": 50000, "loss": 1906.0118366479874}, "epoch_18": {"correct_images": 18845, "total_images": 50000, "loss": 1862.5283504724503}, "epoch_19": {"correct_images": 19291, "total_images": 50000, "loss": 1836.2973190546036}, "epoch_20": {"correct_images": 20079, "total_images": 50000, "loss": 1772.3732129335403}}