{"epoch_1": {"correct_images": 3136, "total_images": 50000, "loss": 3261.364644765854}, "epoch_2": {"correct_images": 6650, "total_images": 50000, "loss": 2892.1566019058228}, "epoch_3": {"correct_images": 8158, "total_images": 50000, "loss": 2743.0385246276855}, "epoch_4": {"correct_images": 9408, "total_images": 50000, "loss": 2636.0987107753754}, "epoch_5": {"correct_images": 10672, "total_images": 50000, "loss": 2532.3617041110992}, "epoch_6": {"correct_images": 11469, "total_images": 50000, "loss": 2473.8796441555023}, "epoch_7": {"correct_images": 12033, "total_images": 50000, "loss": 2415.316982984543}, "epoch_8": {"correct_images": 12919, "total_images": 50000, "loss": 2348.252195596695}, "epoch_9": {"correct_images": 13580, "total_images": 50000, "loss": 2288.1325676441193}, "epoch_10": {"correct_images": 14031, "total_images": 50000, "loss": 2243.7111871242523}, "epoch_11": {"correct_images": 14763, "total_images": 50000, "loss": 2192.1182980537415}, "epoch_12": {"correct_images": 15036, "total_images": 50000, "loss": 2168.0902388095856}, "epoch_13": {"correct_images": 15695, "total_images": 50000, "loss": 2113.208456516266}, "epoch_14": {"correct_images": 16317, "total_images": 50000, "loss": 2063.905052423477}, "epoch_15": {"correct_images": 16534, "total_images": 50000, "loss": 2040.9459171295166}, "epoch_16": {"correct_images": 17592, "total_images": 50000, "loss": 1966.5396760702133}, "epoch_17": {"correct_images": 18202, "total_images": 50000, "loss": 1919.4036070108414}, "epoch_18": {"correct_images": 18686, "total_images": 50000, "loss": 1866.4145941734314}, "epoch_19": {"correct_images": 19549, "total_images": 50000, "loss": 1817.6725459098816}, "epoch_20": {"correct_images": 19902, "total_images": 50000, "loss": 1778.769248008728}}