{"epoch_1": {"correct_images": 837, "total_images": 5000, "loss": 178.77083361148834}, "epoch_2": {"correct_images": 1209, "total_images": 5000, "loss": 155.16866552829742}, "epoch_3": {"correct_images": 1406, "total_images": 5000, "loss": 148.83567309379578}, "epoch_4": {"correct_images": 1540, "total_images": 5000, "loss": 143.65825176239014}, "epoch_5": {"correct_images": 1697, "total_images": 5000, "loss": 138.77436339855194}, "epoch_6": {"correct_images": 1790, "total_images": 5000, "loss": 134.5652871131897}, "epoch_7": {"correct_images": 1819, "total_images": 5000, "loss": 132.510617852211}, "epoch_8": {"correct_images": 1847, "total_images": 5000, "loss": 132.68943917751312}, "epoch_9": {"correct_images": 1941, "total_images": 5000, "loss": 128.86226844787598}, "epoch_10": {"correct_images": 1993, "total_images": 5000, "loss": 127.1155287027359}, "epoch_11": {"correct_images": 2087, "total_images": 5000, "loss": 123.24104535579681}, "epoch_12": {"correct_images": 2123, "total_images": 5000, "loss": 122.84189057350159}, "epoch_13": {"correct_images": 2105, "total_images": 5000, "loss": 121.82398271560669}, "epoch_14": {"correct_images": 2111, "total_images": 5000, "loss": 121.65109133720398}, "epoch_15": {"correct_images": 2223, "total_images": 5000, "loss": 118.62288761138916}, "epoch_16": {"correct_images": 2244, "total_images": 5000, "loss": 118.17783784866333}, "epoch_17": {"correct_images": 2237, "total_images": 5000, "loss": 117.64665448665619}, "epoch_18": {"correct_images": 2221, "total_images": 5000, "loss": 117.51732325553894}, "epoch_19": {"correct_images": 2308, "total_images": 5000, "loss": 115.09579169750214}, "epoch_20": {"correct_images": 2281, "total_images": 5000, "loss": 114.04366970062256}}