{"epoch_1": {"correct_images": 3449, "total_images": 100000, "loss": 7722.9127831459045}, "epoch_2": {"correct_images": 7695, "total_images": 100000, "loss": 7054.908477306366}, "epoch_3": {"correct_images": 9683, "total_images": 100000, "loss": 6801.131180763245}, "epoch_4": {"correct_images": 10635, "total_images": 100000, "loss": 6685.1476130485535}, "epoch_5": {"correct_images": 11321, "total_images": 100000, "loss": 6618.658339977264}, "epoch_6": {"correct_images": 12040, "total_images": 100000, "loss": 6521.1687688827515}, "epoch_7": {"correct_images": 12719, "total_images": 100000, "loss": 6448.0748462677}, "epoch_8": {"correct_images": 13481, "total_images": 100000, "loss": 6358.6685881614685}, "epoch_9": {"correct_images": 14103, "total_images": 100000, "loss": 6292.5711879730225}, "epoch_10": {"correct_images": 14638, "total_images": 100000, "loss": 6230.780988931656}}