{"epoch_1": {"correct_images": 3398, "total_images": 50000, "loss": 3237.2258744239807}, "epoch_2": {"correct_images": 7191, "total_images": 50000, "loss": 2837.541098833084}, "epoch_3": {"correct_images": 8991, "total_images": 50000, "loss": 2669.5056416988373}, "epoch_4": {"correct_images": 10321, "total_images": 50000, "loss": 2565.7525486946106}, "epoch_5": {"correct_images": 11205, "total_images": 50000, "loss": 2490.4948637485504}, "epoch_6": {"correct_images": 12093, "total_images": 50000, "loss": 2408.297758102417}, "epoch_7": {"correct_images": 12772, "total_images": 50000, "loss": 2348.8276534080505}, "epoch_8": {"correct_images": 13585, "total_images": 50000, "loss": 2289.019567489624}, "epoch_9": {"correct_images": 14309, "total_images": 50000, "loss": 2233.311047077179}, "epoch_10": {"correct_images": 14730, "total_images": 50000, "loss": 2200.943069934845}, "epoch_11": {"correct_images": 15472, "total_images": 50000, "loss": 2138.8003870248795}, "epoch_12": {"correct_images": 15988, "total_images": 50000, "loss": 2095.6139430999756}, "epoch_13": {"correct_images": 16443, "total_images": 50000, "loss": 2055.3632984161377}, "epoch_14": {"correct_images": 17226, "total_images": 50000, "loss": 1991.2325065135956}, "epoch_15": {"correct_images": 17625, "total_images": 50000, "loss": 1960.1000690460205}, "epoch_16": {"correct_images": 18316, "total_images": 50000, "loss": 1910.6708835363388}, "epoch_17": {"correct_images": 19036, "total_images": 50000, "loss": 1862.4521127939224}, "epoch_18": {"correct_images": 19274, "total_images": 50000, "loss": 1836.5612406730652}, "epoch_19": {"correct_images": 19927, "total_images": 50000, "loss": 1784.6351033449173}, "epoch_20": {"correct_images": 20319, "total_images": 50000, "loss": 1750.1098276376724}}