{"epoch_1": {"correct_images": 3625, "total_images": 100000, "loss": 7695.994909763336}, "epoch_2": {"correct_images": 7740, "total_images": 100000, "loss": 7045.020715475082}, "epoch_3": {"correct_images": 9652, "total_images": 100000, "loss": 6792.872097730637}, "epoch_4": {"correct_images": 10874, "total_images": 100000, "loss": 6658.120391130447}, "epoch_5": {"correct_images": 11577, "total_images": 100000, "loss": 6585.829954624176}, "epoch_6": {"correct_images": 12083, "total_images": 100000, "loss": 6517.036595106125}, "epoch_7": {"correct_images": 12320, "total_images": 100000, "loss": 6486.697412967682}, "epoch_8": {"correct_images": 13641, "total_images": 100000, "loss": 6334.538739681244}, "epoch_9": {"correct_images": 14090, "total_images": 100000, "loss": 6299.60155415535}, "epoch_10": {"correct_images": 14528, "total_images": 100000, "loss": 6246.456350803375}}