{"epoch_1": {"correct_images": 1150, "total_images": 50000, "loss": 5.668136562532781, "accuracy": 2.3}, "epoch_2": {"correct_images": 4411, "total_images": 50000, "loss": 3.997791119548671, "accuracy": 8.822}, "epoch_3": {"correct_images": 7813, "total_images": 50000, "loss": 3.5878656270253995, "accuracy": 15.626}, "epoch_4": {"correct_images": 10208, "total_images": 50000, "loss": 3.2999658673010823, "accuracy": 20.416}, "epoch_5": {"correct_images": 12509, "total_images": 50000, "loss": 3.05511258965563, "accuracy": 25.018}, "epoch_6": {"correct_images": 14370, "total_images": 50000, "loss": 2.868520586082088, "accuracy": 28.74}, "epoch_7": {"correct_images": 15974, "total_images": 50000, "loss": 2.71069700303285, "accuracy": 31.948}, "epoch_8": {"correct_images": 17253, "total_images": 50000, "loss": 2.5772390173524236, "accuracy": 34.506}, "epoch_9": {"correct_images": 18400, "total_images": 50000, "loss": 2.4618556289111866, "accuracy": 36.8}, "epoch_10": {"correct_images": 19566, "total_images": 50000, "loss": 2.3509687810297817, "accuracy": 39.132}, "epoch_11": {"correct_images": 20457, "total_images": 50000, "loss": 2.258360544129101, "accuracy": 40.914}, "epoch_12": {"correct_images": 21575, "total_images": 50000, "loss": 2.167000216138942, "accuracy": 43.15}, "epoch_13": {"correct_images": 22379, "total_images": 50000, "loss": 2.0883219508868653, "accuracy": 44.758}, "epoch_14": {"correct_images": 23119, "total_images": 50000, "loss": 2.017207396304821, "accuracy": 46.238}, "epoch_15": {"correct_images": 23884, "total_images": 50000, "loss": 1.9576117652456473, "accuracy": 47.768}, "epoch_16": {"correct_images": 24622, "total_images": 50000, "loss": 1.8915173568384116, "accuracy": 49.244}, "epoch_17": {"correct_images": 25241, "total_images": 50000, "loss": 1.8340725112144294, "accuracy": 50.482}, "epoch_18": {"correct_images": 25580, "total_images": 50000, "loss": 1.7942515462255844, "accuracy": 51.16}, "epoch_19": {"correct_images": 26233, "total_images": 50000, "loss": 1.7367386572501238, "accuracy": 52.466}, "epoch_20": {"correct_images": 26930, "total_images": 50000, "loss": 1.6903869814580055, "accuracy": 53.86}}