{"epoch_1": {"correct_images": 1444, "total_images": 50000, "loss": 4.902435207305967, "accuracy": 2.888}, "epoch_2": {"correct_images": 5277, "total_images": 50000, "loss": 3.8543756605719057, "accuracy": 10.554}, "epoch_3": {"correct_images": 8936, "total_images": 50000, "loss": 3.427501496756473, "accuracy": 17.872}, "epoch_4": {"correct_images": 11692, "total_images": 50000, "loss": 3.13341775422206, "accuracy": 23.384}, "epoch_5": {"correct_images": 14036, "total_images": 50000, "loss": 2.88857556151612, "accuracy": 28.072}, "epoch_6": {"correct_images": 16011, "total_images": 50000, "loss": 2.701225760952591, "accuracy": 32.022}, "epoch_7": {"correct_images": 17710, "total_images": 50000, "loss": 2.529760958898403, "accuracy": 35.42}, "epoch_8": {"correct_images": 19219, "total_images": 50000, "loss": 2.380078695619198, "accuracy": 38.438}, "epoch_9": {"correct_images": 20649, "total_images": 50000, "loss": 2.240908302309568, "accuracy": 41.298}, "epoch_10": {"correct_images": 21919, "total_images": 50000, "loss": 2.116499787553802, "accuracy": 43.838}, "epoch_11": {"correct_images": 23131, "total_images": 50000, "loss": 2.017114089273126, "accuracy": 46.262}, "epoch_12": {"correct_images": 24050, "total_images": 50000, "loss": 1.9337816631702511, "accuracy": 48.1}, "epoch_13": {"correct_images": 24922, "total_images": 50000, "loss": 1.8566394635783436, "accuracy": 49.844}, "epoch_14": {"correct_images": 25681, "total_images": 50000, "loss": 1.7808631362817477, "accuracy": 51.362}, "epoch_15": {"correct_images": 26416, "total_images": 50000, "loss": 1.7128605770942804, "accuracy": 52.832}, "epoch_16": {"correct_images": 27259, "total_images": 50000, "loss": 1.6464097445730663, "accuracy": 54.518}, "epoch_17": {"correct_images": 27990, "total_images": 50000, "loss": 1.5879255371630345, "accuracy": 55.98}, "epoch_18": {"correct_images": 28503, "total_images": 50000, "loss": 1.5398519962949826, "accuracy": 57.006}, "epoch_19": {"correct_images": 29253, "total_images": 50000, "loss": 1.4822462945033217, "accuracy": 58.506}, "epoch_20": {"correct_images": 29837, "total_images": 50000, "loss": 1.4226018492218173, "accuracy": 59.674}}