{"epoch_1": {"correct_images": 2160, "total_images": 50000, "loss": 4.631629009685858, "accuracy": 4.32}, "epoch_2": {"correct_images": 6317, "total_images": 50000, "loss": 3.745646743518312, "accuracy": 12.634}, "epoch_3": {"correct_images": 9936, "total_images": 50000, "loss": 3.3490580606948384, "accuracy": 19.872}, "epoch_4": {"correct_images": 12802, "total_images": 50000, "loss": 3.0364040169874422, "accuracy": 25.604}, "epoch_5": {"correct_images": 15018, "total_images": 50000, "loss": 2.7934190794025238, "accuracy": 30.036}, "epoch_6": {"correct_images": 17059, "total_images": 50000, "loss": 2.5879796112284943, "accuracy": 34.118}, "epoch_7": {"correct_images": 18899, "total_images": 50000, "loss": 2.4124492887035967, "accuracy": 37.798}, "epoch_8": {"correct_images": 20622, "total_images": 50000, "loss": 2.2469402678177484, "accuracy": 41.244}, "epoch_9": {"correct_images": 22137, "total_images": 50000, "loss": 2.11115916046645, "accuracy": 44.274}, "epoch_10": {"correct_images": 23566, "total_images": 50000, "loss": 1.9839068764006085, "accuracy": 47.132}, "epoch_11": {"correct_images": 24545, "total_images": 50000, "loss": 1.8843898331112874, "accuracy": 49.09}, "epoch_12": {"correct_images": 25808, "total_images": 50000, "loss": 1.7859838751270949, "accuracy": 51.616}, "epoch_13": {"correct_images": 26971, "total_images": 50000, "loss": 1.6908417342568907, "accuracy": 53.942}, "epoch_14": {"correct_images": 27873, "total_images": 50000, "loss": 1.600840488967993, "accuracy": 55.746}, "epoch_15": {"correct_images": 28820, "total_images": 50000, "loss": 1.5153473581347014, "accuracy": 57.64}, "epoch_16": {"correct_images": 29779, "total_images": 50000, "loss": 1.4408704784825026, "accuracy": 59.558}, "epoch_17": {"correct_images": 30505, "total_images": 50000, "loss": 1.371393651532395, "accuracy": 61.01}, "epoch_18": {"correct_images": 31606, "total_images": 50000, "loss": 1.294779484076878, "accuracy": 63.212}, "epoch_19": {"correct_images": 32377, "total_images": 50000, "loss": 1.226670824505789, "accuracy": 64.754}, "epoch_20": {"correct_images": 33108, "total_images": 50000, "loss": 1.1660062979401835, "accuracy": 66.216}}