{"epoch_1": {"correct_images": 854, "total_images": 5000, "loss": 2.911795184582095, "accuracy": 17.08}, "epoch_2": {"correct_images": 1282, "total_images": 5000, "loss": 1.9543757559377937, "accuracy": 25.64}, "epoch_3": {"correct_images": 1466, "total_images": 5000, "loss": 1.8708791340453714, "accuracy": 29.32}, "epoch_4": {"correct_images": 1625, "total_images": 5000, "loss": 1.8098704226409332, "accuracy": 32.5}, "epoch_5": {"correct_images": 1694, "total_images": 5000, "loss": 1.7617557773107215, "accuracy": 33.88}, "epoch_6": {"correct_images": 1865, "total_images": 5000, "loss": 1.694152312942698, "accuracy": 37.3}, "epoch_7": {"correct_images": 1977, "total_images": 5000, "loss": 1.6451044505155539, "accuracy": 39.54}, "epoch_8": {"correct_images": 2059, "total_images": 5000, "loss": 1.607970438426054, "accuracy": 41.18}, "epoch_9": {"correct_images": 2100, "total_images": 5000, "loss": 1.5648826149445545, "accuracy": 42.0}, "epoch_10": {"correct_images": 2156, "total_images": 5000, "loss": 1.527628809590883, "accuracy": 43.12}, "epoch_11": {"correct_images": 2195, "total_images": 5000, "loss": 1.5137237355678896, "accuracy": 43.9}, "epoch_12": {"correct_images": 2287, "total_images": 5000, "loss": 1.4697759649421596, "accuracy": 45.74}, "epoch_13": {"correct_images": 2451, "total_images": 5000, "loss": 1.4014648998839945, "accuracy": 49.02}, "epoch_14": {"correct_images": 2501, "total_images": 5000, "loss": 1.3721955003617685, "accuracy": 50.02}, "epoch_15": {"correct_images": 2589, "total_images": 5000, "loss": 1.315666619735428, "accuracy": 51.78}, "epoch_16": {"correct_images": 2651, "total_images": 5000, "loss": 1.2771310730825496, "accuracy": 53.02}, "epoch_17": {"correct_images": 2760, "total_images": 5000, "loss": 1.2185028829152071, "accuracy": 55.2}, "epoch_18": {"correct_images": 2795, "total_images": 5000, "loss": 1.1905711866632294, "accuracy": 55.9}, "epoch_19": {"correct_images": 2897, "total_images": 5000, "loss": 1.1525658821757836, "accuracy": 57.94}, "epoch_20": {"correct_images": 2859, "total_images": 5000, "loss": 1.185356414016289, "accuracy": 57.18}}