{"epoch_1": {"correct_images": 1645, "total_images": 100000, "loss": 5.294245789772566, "accuracy": 1.645}, "epoch_2": {"correct_images": 8206, "total_images": 100000, "loss": 4.507609272796377, "accuracy": 8.206}, "epoch_3": {"correct_images": 14863, "total_images": 100000, "loss": 3.987827571172098, "accuracy": 14.863}, "epoch_4": {"correct_images": 19704, "total_images": 100000, "loss": 3.665269261663416, "accuracy": 19.704}, "epoch_5": {"correct_images": 22963, "total_images": 100000, "loss": 3.459848521385754, "accuracy": 22.963}, "epoch_6": {"correct_images": 25477, "total_images": 100000, "loss": 3.3072488008976286, "accuracy": 25.477}, "epoch_7": {"correct_images": 27329, "total_images": 100000, "loss": 3.1973878615800952, "accuracy": 27.329}, "epoch_8": {"correct_images": 29158, "total_images": 100000, "loss": 3.0999764859180607, "accuracy": 29.158}, "epoch_9": {"correct_images": 30507, "total_images": 100000, "loss": 3.020206249149198, "accuracy": 30.507}, "epoch_10": {"correct_images": 31595, "total_images": 100000, "loss": 2.9536636127391382, "accuracy": 31.595}}