{"epoch_1": {"correct_images": 5317, "total_images": 50000, "loss": 3.872772575339393, "accuracy": 10.634}, "epoch_2": {"correct_images": 10891, "total_images": 50000, "loss": 3.2072789251347027, "accuracy": 21.782}, "epoch_3": {"correct_images": 14058, "total_images": 50000, "loss": 2.8653462503267373, "accuracy": 28.116}, "epoch_4": {"correct_images": 16829, "total_images": 50000, "loss": 2.6034026225204663, "accuracy": 33.658}, "epoch_5": {"correct_images": 18883, "total_images": 50000, "loss": 2.4014249753464214, "accuracy": 37.766}, "epoch_6": {"correct_images": 20433, "total_images": 50000, "loss": 2.2519332280244364, "accuracy": 40.866}, "epoch_7": {"correct_images": 21760, "total_images": 50000, "loss": 2.1389301420782534, "accuracy": 43.52}, "epoch_8": {"correct_images": 22797, "total_images": 50000, "loss": 2.0415156552248903, "accuracy": 45.594}, "epoch_9": {"correct_images": 23810, "total_images": 50000, "loss": 1.9596690611766123, "accuracy": 47.62}, "epoch_10": {"correct_images": 24492, "total_images": 50000, "loss": 1.878023350330265, "accuracy": 48.984}, "epoch_11": {"correct_images": 25422, "total_images": 50000, "loss": 1.808207516779985, "accuracy": 50.844}, "epoch_12": {"correct_images": 26075, "total_images": 50000, "loss": 1.7458941271847777, "accuracy": 52.15}, "epoch_13": {"correct_images": 26909, "total_images": 50000, "loss": 1.6885961173745372, "accuracy": 53.818}, "epoch_14": {"correct_images": 27508, "total_images": 50000, "loss": 1.6345295235324089, "accuracy": 55.016}, "epoch_15": {"correct_images": 27939, "total_images": 50000, "loss": 1.5843822122229945, "accuracy": 55.878}, "epoch_16": {"correct_images": 28699, "total_images": 50000, "loss": 1.5371967614306818, "accuracy": 57.398}, "epoch_17": {"correct_images": 29373, "total_images": 50000, "loss": 1.4820392352845662, "accuracy": 58.746}, "epoch_18": {"correct_images": 29751, "total_images": 50000, "loss": 1.4451127874729273, "accuracy": 59.502}, "epoch_19": {"correct_images": 30313, "total_images": 50000, "loss": 1.402497770993606, "accuracy": 60.626}, "epoch_20": {"correct_images": 30707, "total_images": 50000, "loss": 1.3614745195716849, "accuracy": 61.414}}