{"epoch_1": {"correct_images": 595, "total_images": 5000, "loss": 2.8, "accuracy": 11.9}, "epoch_2": {"correct_images": 1013, "total_images": 5000, "loss": 2.1161092459400996, "accuracy": 20.26}, "epoch_3": {"correct_images": 1114, "total_images": 5000, "loss": 2.0121342939666556, "accuracy": 22.28}, "epoch_4": {"correct_images": 1332, "total_images": 5000, "loss": 1.9411544000046164, "accuracy": 26.64}, "epoch_5": {"correct_images": 1485, "total_images": 5000, "loss": 1.8809558047523982, "accuracy": 29.7}, "epoch_6": {"correct_images": 1584, "total_images": 5000, "loss": 1.827114527738547, "accuracy": 31.68}, "epoch_7": {"correct_images": 1630, "total_images": 5000, "loss": 1.7805172008804129, "accuracy": 32.6}, "epoch_8": {"correct_images": 1603, "total_images": 5000, "loss": 1.7700805860229685, "accuracy": 32.06}, "epoch_9": {"correct_images": 1752, "total_images": 5000, "loss": 1.717567400087284, "accuracy": 35.04}, "epoch_10": {"correct_images": 1806, "total_images": 5000, "loss": 1.7153136956540844, "accuracy": 36.12}, "epoch_11": {"correct_images": 1781, "total_images": 5000, "loss": 1.6934692105160485, "accuracy": 35.62}, "epoch_12": {"correct_images": 1906, "total_images": 5000, "loss": 1.6680213982545877, "accuracy": 38.12}, "epoch_13": {"correct_images": 1951, "total_images": 5000, "loss": 1.6230942705009557, "accuracy": 39.02}, "epoch_14": {"correct_images": 2008, "total_images": 5000, "loss": 1.6158635374865955, "accuracy": 40.16}, "epoch_15": {"correct_images": 2005, "total_images": 5000, "loss": 1.5914047488683387, "accuracy": 40.1}, "epoch_16": {"correct_images": 2085, "total_images": 5000, "loss": 1.5648525244073024, "accuracy": 41.7}, "epoch_17": {"correct_images": 2165, "total_images": 5000, "loss": 1.5338928744762759, "accuracy": 43.3}, "epoch_18": {"correct_images": 2168, "total_images": 5000, "loss": 1.5388181330282478, "accuracy": 43.36}, "epoch_19": {"correct_images": 2291, "total_images": 5000, "loss": 1.469777680650542, "accuracy": 45.82}, "epoch_20": {"correct_images": 2227, "total_images": 5000, "loss": 1.493076300319237, "accuracy": 44.54}}