{"epoch_1": {"correct_images": 5692, "total_images": 50000, "loss": 3.84142630392938, "accuracy": 11.384}, "epoch_2": {"correct_images": 12270, "total_images": 50000, "loss": 3.0649659999496186, "accuracy": 24.54}, "epoch_3": {"correct_images": 15983, "total_images": 50000, "loss": 2.6902980313581577, "accuracy": 31.966}, "epoch_4": {"correct_images": 18221, "total_images": 50000, "loss": 2.4471334722035984, "accuracy": 36.442}, "epoch_5": {"correct_images": 20245, "total_images": 50000, "loss": 2.2675467625908228, "accuracy": 40.49}, "epoch_6": {"correct_images": 21813, "total_images": 50000, "loss": 2.1318987845764745, "accuracy": 43.626}, "epoch_7": {"correct_images": 23121, "total_images": 50000, "loss": 2.014464273629591, "accuracy": 46.242}, "epoch_8": {"correct_images": 24175, "total_images": 50000, "loss": 1.9244233947580733, "accuracy": 48.35}, "epoch_9": {"correct_images": 25039, "total_images": 50000, "loss": 1.8441303639155824, "accuracy": 50.078}, "epoch_10": {"correct_images": 25876, "total_images": 50000, "loss": 1.7704574163917386, "accuracy": 51.752}, "epoch_11": {"correct_images": 26558, "total_images": 50000, "loss": 1.7060452367338683, "accuracy": 53.116}, "epoch_12": {"correct_images": 27302, "total_images": 50000, "loss": 1.6432772733823722, "accuracy": 54.604}, "epoch_13": {"correct_images": 28023, "total_images": 50000, "loss": 1.5837667682744048, "accuracy": 56.046}, "epoch_14": {"correct_images": 28635, "total_images": 50000, "loss": 1.5352953650305032, "accuracy": 57.27}, "epoch_15": {"correct_images": 29339, "total_images": 50000, "loss": 1.4801646314008767, "accuracy": 58.678}, "epoch_16": {"correct_images": 29769, "total_images": 50000, "loss": 1.424704898577517, "accuracy": 59.538}, "epoch_17": {"correct_images": 30376, "total_images": 50000, "loss": 1.3803131888284708, "accuracy": 60.752}, "epoch_18": {"correct_images": 30767, "total_images": 50000, "loss": 1.341287198578915, "accuracy": 61.534}, "epoch_19": {"correct_images": 31757, "total_images": 50000, "loss": 1.2817664044287504, "accuracy": 63.514}, "epoch_20": {"correct_images": 32006, "total_images": 50000, "loss": 1.2490124819833603, "accuracy": 64.012}, "epoch_21": {"correct_images": 32265, "total_images": 50000, "loss": 1.2193620948840285, "accuracy": 64.53}, "epoch_22": {"correct_images": 33122, "total_images": 50000, "loss": 1.1593669278694845, "accuracy": 66.244}, "epoch_23": {"correct_images": 33411, "total_images": 50000, "loss": 1.131001373386139, "accuracy": 66.822}, "epoch_24": {"correct_images": 34000, "total_images": 50000, "loss": 1.0865573128470984, "accuracy": 68.0}, "epoch_25": {"correct_images": 34523, "total_images": 50000, "loss": 1.0504471016357013, "accuracy": 69.046}, "epoch_26": {"correct_images": 34883, "total_images": 50000, "loss": 1.0185822461877028, "accuracy": 69.766}, "epoch_27": {"correct_images": 35411, "total_images": 50000, "loss": 0.9766751951954858, "accuracy": 70.822}, "epoch_28": {"correct_images": 35655, "total_images": 50000, "loss": 0.9537524932333271, "accuracy": 71.31}, "epoch_29": {"correct_images": 36108, "total_images": 50000, "loss": 0.9184274572850494, "accuracy": 72.216}, "epoch_30": {"correct_images": 36549, "total_images": 50000, "loss": 0.8828232346669488, "accuracy": 73.098}, "epoch_31": {"correct_images": 36936, "total_images": 50000, "loss": 0.8599352722658831, "accuracy": 73.872}, "epoch_32": {"correct_images": 37235, "total_images": 50000, "loss": 0.8327520421856199, "accuracy": 74.47}, "epoch_33": {"correct_images": 37683, "total_images": 50000, "loss": 0.8034645901692797, "accuracy": 75.366}, "epoch_34": {"correct_images": 37901, "total_images": 50000, "loss": 0.7819374985325976, "accuracy": 75.802}, "epoch_35": {"correct_images": 38047, "total_images": 50000, "loss": 0.7718166261149184, "accuracy": 76.094}, "epoch_36": {"correct_images": 38659, "total_images": 50000, "loss": 0.7333125124120956, "accuracy": 77.318}, "epoch_37": {"correct_images": 38747, "total_images": 50000, "loss": 0.7201328045495635, "accuracy": 77.494}, "epoch_38": {"correct_images": 38914, "total_images": 50000, "loss": 0.7131611192622758, "accuracy": 77.828}, "epoch_39": {"correct_images": 39184, "total_images": 50000, "loss": 0.688493899410338, "accuracy": 78.368}, "epoch_40": {"correct_images": 39624, "total_images": 50000, "loss": 0.660127422560359, "accuracy": 79.248}}