{"epoch_1": {"correct_images": 2204, "total_images": 100000, "loss": 5.5479977397833276, "accuracy": 2.204}, "epoch_2": {"correct_images": 8466, "total_images": 100000, "loss": 4.510039912533165, "accuracy": 8.466}, "epoch_3": {"correct_images": 13482, "total_images": 100000, "loss": 4.121789864828704, "accuracy": 13.482}, "epoch_4": {"correct_images": 17471, "total_images": 100000, "loss": 3.8371766769802123, "accuracy": 17.471}, "epoch_5": {"correct_images": 20548, "total_images": 100000, "loss": 3.6352960717121303, "accuracy": 20.548}, "epoch_6": {"correct_images": 23002, "total_images": 100000, "loss": 3.486741362362433, "accuracy": 23.002}, "epoch_7": {"correct_images": 24939, "total_images": 100000, "loss": 3.365289846903532, "accuracy": 24.939}, "epoch_8": {"correct_images": 26600, "total_images": 100000, "loss": 3.2620417092445946, "accuracy": 26.6}, "epoch_9": {"correct_images": 28056, "total_images": 100000, "loss": 3.1792327848216013, "accuracy": 28.056}, "epoch_10": {"correct_images": 29219, "total_images": 100000, "loss": 3.110399497600221, "accuracy": 29.219}}