{"epoch_1": {"correct_images": 839, "total_images": 50000, "loss": 4.472007538656444, "accuracy": 1.678}, "epoch_2": {"correct_images": 2425, "total_images": 50000, "loss": 4.1161766634572805, "accuracy": 4.85}, "epoch_3": {"correct_images": 4096, "total_images": 50000, "loss": 3.889099375671133, "accuracy": 8.192}, "epoch_4": {"correct_images": 5772, "total_images": 50000, "loss": 3.6934159765463046, "accuracy": 11.544}, "epoch_5": {"correct_images": 7367, "total_images": 50000, "loss": 3.5289174559171244, "accuracy": 14.734}, "epoch_6": {"correct_images": 8832, "total_images": 50000, "loss": 3.3702452576068964, "accuracy": 17.664}, "epoch_7": {"correct_images": 10194, "total_images": 50000, "loss": 3.2260099067102614, "accuracy": 20.388}, "epoch_8": {"correct_images": 11454, "total_images": 50000, "loss": 3.115440512862047, "accuracy": 22.908}, "epoch_9": {"correct_images": 12644, "total_images": 50000, "loss": 2.9985415048306554, "accuracy": 25.288}, "epoch_10": {"correct_images": 13580, "total_images": 50000, "loss": 2.8849472423343707, "accuracy": 27.16}, "epoch_11": {"correct_images": 14835, "total_images": 50000, "loss": 2.7725635715152905, "accuracy": 29.67}, "epoch_12": {"correct_images": 15785, "total_images": 50000, "loss": 2.6644395033416846, "accuracy": 31.57}, "epoch_13": {"correct_images": 16818, "total_images": 50000, "loss": 2.5646247738767465, "accuracy": 33.636}, "epoch_14": {"correct_images": 17762, "total_images": 50000, "loss": 2.4693284481382736, "accuracy": 35.524}, "epoch_15": {"correct_images": 18758, "total_images": 50000, "loss": 2.3712900320587256, "accuracy": 37.516}, "epoch_16": {"correct_images": 19547, "total_images": 50000, "loss": 2.292153642153191, "accuracy": 39.094}, "epoch_17": {"correct_images": 20495, "total_images": 50000, "loss": 2.2105437930282728, "accuracy": 40.99}, "epoch_18": {"correct_images": 21257, "total_images": 50000, "loss": 2.142639925260373, "accuracy": 42.514}, "epoch_19": {"correct_images": 22098, "total_images": 50000, "loss": 2.0666009244101735, "accuracy": 44.196}, "epoch_20": {"correct_images": 22758, "total_images": 50000, "loss": 2.0117242641156285, "accuracy": 45.516}}