{"epoch_1": {"correct_images": 1257, "total_images": 50000, "loss": 4.374431318029418, "accuracy": 2.514}, "epoch_2": {"correct_images": 3753, "total_images": 50000, "loss": 3.9419410683005056, "accuracy": 7.506}, "epoch_3": {"correct_images": 6501, "total_images": 50000, "loss": 3.6404800607115413, "accuracy": 13.002}, "epoch_4": {"correct_images": 8829, "total_images": 50000, "loss": 3.3826468878085048, "accuracy": 17.658}, "epoch_5": {"correct_images": 11197, "total_images": 50000, "loss": 3.142929333555119, "accuracy": 22.394}, "epoch_6": {"correct_images": 13326, "total_images": 50000, "loss": 2.914300797388072, "accuracy": 26.652}, "epoch_7": {"correct_images": 15548, "total_images": 50000, "loss": 2.6820251155082526, "accuracy": 31.096}, "epoch_8": {"correct_images": 17583, "total_images": 50000, "loss": 2.492577479166143, "accuracy": 35.166}, "epoch_9": {"correct_images": 19302, "total_images": 50000, "loss": 2.3131665703280806, "accuracy": 38.604}, "epoch_10": {"correct_images": 20883, "total_images": 50000, "loss": 2.176380361437493, "accuracy": 41.766}, "epoch_11": {"correct_images": 22245, "total_images": 50000, "loss": 2.055675236160493, "accuracy": 44.49}, "epoch_12": {"correct_images": 23449, "total_images": 50000, "loss": 1.9525576678993146, "accuracy": 46.898}, "epoch_13": {"correct_images": 24576, "total_images": 50000, "loss": 1.8625036755486217, "accuracy": 49.152}, "epoch_14": {"correct_images": 25448, "total_images": 50000, "loss": 1.7814581368280493, "accuracy": 50.896}, "epoch_15": {"correct_images": 26212, "total_images": 50000, "loss": 1.7115942247383429, "accuracy": 52.424}, "epoch_16": {"correct_images": 27023, "total_images": 50000, "loss": 1.6483871865150568, "accuracy": 54.046}, "epoch_17": {"correct_images": 27616, "total_images": 50000, "loss": 1.5873222788581458, "accuracy": 55.232}, "epoch_18": {"correct_images": 28370, "total_images": 50000, "loss": 1.5323181470184375, "accuracy": 56.74}, "epoch_19": {"correct_images": 28965, "total_images": 50000, "loss": 1.477051801007727, "accuracy": 57.93}, "epoch_20": {"correct_images": 29567, "total_images": 50000, "loss": 1.4243848173667097, "accuracy": 59.134}}