{"epoch_1": {"correct_images": 1400, "total_images": 50000, "loss": 4.369691778326888, "accuracy": 2.8}, "epoch_2": {"correct_images": 4534, "total_images": 50000, "loss": 3.865584621039193, "accuracy": 9.068}, "epoch_3": {"correct_images": 8357, "total_images": 50000, "loss": 3.4460768989284936, "accuracy": 16.714}, "epoch_4": {"correct_images": 11806, "total_images": 50000, "loss": 3.1012578086779854, "accuracy": 23.612}, "epoch_5": {"correct_images": 14646, "total_images": 50000, "loss": 2.807353010872746, "accuracy": 29.292}, "epoch_6": {"correct_images": 17196, "total_images": 50000, "loss": 2.562079284197229, "accuracy": 34.392}, "epoch_7": {"correct_images": 19207, "total_images": 50000, "loss": 2.3664000125797204, "accuracy": 38.414}, "epoch_8": {"correct_images": 21097, "total_images": 50000, "loss": 2.1815330562993998, "accuracy": 42.194}, "epoch_9": {"correct_images": 22390, "total_images": 50000, "loss": 2.057064040390122, "accuracy": 44.78}, "epoch_10": {"correct_images": 23940, "total_images": 50000, "loss": 1.9323762075980302, "accuracy": 47.88}, "epoch_11": {"correct_images": 24970, "total_images": 50000, "loss": 1.8334977748753774, "accuracy": 49.94}, "epoch_12": {"correct_images": 25912, "total_images": 50000, "loss": 1.7523654348710005, "accuracy": 51.824}, "epoch_13": {"correct_images": 26938, "total_images": 50000, "loss": 1.6659560203552246, "accuracy": 53.876}, "epoch_14": {"correct_images": 27647, "total_images": 50000, "loss": 1.6111671667727059, "accuracy": 55.294}, "epoch_15": {"correct_images": 28389, "total_images": 50000, "loss": 1.5436427960615329, "accuracy": 56.778}, "epoch_16": {"correct_images": 28879, "total_images": 50000, "loss": 1.4905467884010062, "accuracy": 57.758}, "epoch_17": {"correct_images": 29510, "total_images": 50000, "loss": 1.4431769329568613, "accuracy": 59.02}, "epoch_18": {"correct_images": 29996, "total_images": 50000, "loss": 1.3997434197027054, "accuracy": 59.992}, "epoch_19": {"correct_images": 30442, "total_images": 50000, "loss": 1.3582879870444002, "accuracy": 60.884}, "epoch_20": {"correct_images": 31107, "total_images": 50000, "loss": 1.3152720666754887, "accuracy": 62.214}, "epoch_21": {"correct_images": 31416, "total_images": 50000, "loss": 1.2881041353620837, "accuracy": 62.832}, "epoch_22": {"correct_images": 31787, "total_images": 50000, "loss": 1.2547489172967194, "accuracy": 63.574}, "epoch_23": {"correct_images": 31976, "total_images": 50000, "loss": 1.2293057640647644, "accuracy": 63.952}, "epoch_24": {"correct_images": 32381, "total_images": 50000, "loss": 1.204947188839583, "accuracy": 64.762}, "epoch_25": {"correct_images": 32845, "total_images": 50000, "loss": 1.1741254395231262, "accuracy": 65.69}, "epoch_26": {"correct_images": 32998, "total_images": 50000, "loss": 1.1648404222467672, "accuracy": 65.996}, "epoch_27": {"correct_images": 33302, "total_images": 50000, "loss": 1.1357101374270056, "accuracy": 66.604}, "epoch_28": {"correct_images": 33453, "total_images": 50000, "loss": 1.1162699585223137, "accuracy": 66.906}, "epoch_29": {"correct_images": 33813, "total_images": 50000, "loss": 1.0935877298607546, "accuracy": 67.626}, "epoch_30": {"correct_images": 33925, "total_images": 50000, "loss": 1.0779199190151967, "accuracy": 67.85}, "epoch_31": {"correct_images": 34104, "total_images": 50000, "loss": 1.0628938755720778, "accuracy": 68.208}, "epoch_32": {"correct_images": 34417, "total_images": 50000, "loss": 1.0439289705375272, "accuracy": 68.834}, "epoch_33": {"correct_images": 34654, "total_images": 50000, "loss": 1.032738890489349, "accuracy": 69.308}, "epoch_34": {"correct_images": 34761, "total_images": 50000, "loss": 1.0154066079717767, "accuracy": 69.522}, "epoch_35": {"correct_images": 34920, "total_images": 50000, "loss": 1.0022909501781854, "accuracy": 69.84}, "epoch_36": {"correct_images": 35182, "total_images": 50000, "loss": 0.9909239288638619, "accuracy": 70.364}, "epoch_37": {"correct_images": 35134, "total_images": 50000, "loss": 0.9843060543088962, "accuracy": 70.268}, "epoch_38": {"correct_images": 35387, "total_images": 50000, "loss": 0.9647651824271283, "accuracy": 70.774}, "epoch_39": {"correct_images": 35619, "total_images": 50000, "loss": 0.9525291750498135, "accuracy": 71.238}, "epoch_40": {"correct_images": 35503, "total_images": 50000, "loss": 0.9591076915983654, "accuracy": 71.006}}