{"epoch_1": {"correct_images": 1761, "total_images": 50000, "loss": 4.280321109630263, "accuracy": 3.522}, "epoch_2": {"correct_images": 4686, "total_images": 50000, "loss": 3.84137229785285, "accuracy": 9.372}, "epoch_3": {"correct_images": 7809, "total_images": 50000, "loss": 3.4566124525216533, "accuracy": 15.618}, "epoch_4": {"correct_images": 11001, "total_images": 50000, "loss": 3.1246755117040768, "accuracy": 22.002}, "epoch_5": {"correct_images": 13896, "total_images": 50000, "loss": 2.826560821679547, "accuracy": 27.792}, "epoch_6": {"correct_images": 16412, "total_images": 50000, "loss": 2.586982332074734, "accuracy": 32.824}, "epoch_7": {"correct_images": 18289, "total_images": 50000, "loss": 2.4000581194982504, "accuracy": 36.578}, "epoch_8": {"correct_images": 20049, "total_images": 50000, "loss": 2.244059696069459, "accuracy": 40.098}, "epoch_9": {"correct_images": 21493, "total_images": 50000, "loss": 2.1042372218483245, "accuracy": 42.986}, "epoch_10": {"correct_images": 22633, "total_images": 50000, "loss": 2.009768826882248, "accuracy": 45.266}, "epoch_11": {"correct_images": 23772, "total_images": 50000, "loss": 1.9049361105770102, "accuracy": 47.544}, "epoch_12": {"correct_images": 24820, "total_images": 50000, "loss": 1.815183098816201, "accuracy": 49.64}, "epoch_13": {"correct_images": 25815, "total_images": 50000, "loss": 1.7326696172089833, "accuracy": 51.63}, "epoch_14": {"correct_images": 26669, "total_images": 50000, "loss": 1.6663416596629737, "accuracy": 53.338}, "epoch_15": {"correct_images": 27350, "total_images": 50000, "loss": 1.5981410322591776, "accuracy": 54.7}, "epoch_16": {"correct_images": 28054, "total_images": 50000, "loss": 1.540036379604998, "accuracy": 56.108}, "epoch_17": {"correct_images": 28860, "total_images": 50000, "loss": 1.4830670663920205, "accuracy": 57.72}, "epoch_18": {"correct_images": 29322, "total_images": 50000, "loss": 1.436059567858191, "accuracy": 58.644}, "epoch_19": {"correct_images": 30027, "total_images": 50000, "loss": 1.3845612749724132, "accuracy": 60.054}, "epoch_20": {"correct_images": 30480, "total_images": 50000, "loss": 1.3403465160933297, "accuracy": 60.96}}